sequence_id,VH,VL,KD,assigned_antibody,similarity_score,mutations_from_uca,total_difference_count,heavy_differences,light_differences,WT_VH,WT_VL,antibody,dataset,is_uca,all_scores
QVQLVESGGGVVQPGRSLRLSCAASGFTFSSYAMHWVRQAPGKGLEWVAVISYDGSNKYYADSVKGRFTISRDNSKNTLYLQMNSLRAEDTAVYYCASGYSGYDYFVRGDYYGMDVWGQGTTVTVSS|QLVLTQSPSASASLGASVKLTCTLSSGHSSYAIAWHQQQPEKGPRYLMKLNSDGSHSKGDGIPDRFSGSSSGAERYLTISSLQSEDEADYYCQTWGTGILVFGGGTKLTVL,QVQLVESGGGVVQPGRSLRLSCAASGFTFSSYAMHWVRQAPGKGLEWVAVISYDGSNKYYADSVKGRFTISRDNSKNTLYLQMNSLRAEDTAVYYCASGYSGYDYFVRGDYYGMDVWGQGTTVTVSS,QLVLTQSPSASASLGASVKLTCTLSSGHSSYAIAWHQQQPEKGPRYLMKLNSDGSHSKGDGIPDRFSGSSSGAERYLTISSLQSEDEADYYCQTWGTGILVFGGGTKLTVL,1500.0,C118_UCA,1.0,0,0,[],[],QVQLVESGGGVVQPGRSLRLSCAASGFTFSSYAMHWVRQAPGKGLEWVAVISYDGSNKYYADSVKGRFTISRDNSKNTLYLQMNSLRAEDTAVYYCASGYSGYDYFVRGDYYGMDVWGQGTTVTVSS,QLVLTQSPSASASLGASVKLTCTLSSGHSSYAIAWHQQQPEKGPRYLMKLNSDGSHSKGDGIPDRFSGSSSGAERYLTISSLQSEDEADYYCQTWGTGILVFGGGTKLTVL,C118_UCA,Kirby,True,
QVQLVESGGGVVQPGRSLRLSCAASGFTFSNYAMHWVRQAPGKGLEWVAVISYDGSNKYYADSVKGRFTISRDNSKNTLYLQMNSLRAEDTAVYYCASGYTGYDYFVRGDYYGLDVWGQGTTVTVSS|QLVLTQSPSASASLGASVKLTCTLSSGHSSYAIAWHQQQPEKGPRYLMKLNTDGSHSKGDGIPDRFSGSSSGAERYLTISSLQSEDEADYYCQTWGTGILVFGGGTKLTVL,QVQLVESGGGVVQPGRSLRLSCAASGFTFSNYAMHWVRQAPGKGLEWVAVISYDGSNKYYADSVKGRFTISRDNSKNTLYLQMNSLRAEDTAVYYCASGYTGYDYFVRGDYYGLDVWGQGTTVTVSS,QLVLTQSPSASASLGASVKLTCTLSSGHSSYAIAWHQQQPEKGPRYLMKLNTDGSHSKGDGIPDRFSGSSSGAERYLTISSLQSEDEADYYCQTWGTGILVFGGGTKLTVL,34.169999999999995,C118_UCA,0.9836844718734483,4,4,"['S31N', 'S101T', 'M114L']",['S52T'],QVQLVESGGGVVQPGRSLRLSCAASGFTFSSYAMHWVRQAPGKGLEWVAVISYDGSNKYYADSVKGRFTISRDNSKNTLYLQMNSLRAEDTAVYYCASGYSGYDYFVRGDYYGMDVWGQGTTVTVSS,QLVLTQSPSASASLGASVKLTCTLSSGHSSYAIAWHQQQPEKGPRYLMKLNSDGSHSKGDGIPDRFSGSSSGAERYLTISSLQSEDEADYYCQTWGTGILVFGGGTKLTVL,C118_UCA,Kirby,False,"{'002-S21F2_UCA': 0.3518802203012729, 'Ab_1-20_UCA': 0.6853138928760294, 'Ab_2-15_UCA': 0.47990056818181814, 'C118_UCA': 0.9836844718734483, 'CC12.1_UCA': 0.6816691505216095}"
QVQLVESGGGVVQPGRSLRLSCAASGFTFSNYAMHWVRQAPGKGLEWVAVISYDGSNKYYADSVKGRFTISRDNSKNTLYLQMNSLRAEDTAVYYCASGYTGYDYFVRGDYYGMDVWGQGTTVTVSS|QPVLTQSPSASASLGASVKLTCTLSSGHSSYAIAWHQQQPEKGPRYLMKLNSDGSHSKGDGIPDRFSGSSSGAERYLTISSLQSEDEADYYCQTWGTGILVFGGGTKLTVL,QVQLVESGGGVVQPGRSLRLSCAASGFTFSNYAMHWVRQAPGKGLEWVAVISYDGSNKYYADSVKGRFTISRDNSKNTLYLQMNSLRAEDTAVYYCASGYTGYDYFVRGDYYGMDVWGQGTTVTVSS,QPVLTQSPSASASLGASVKLTCTLSSGHSSYAIAWHQQQPEKGPRYLMKLNSDGSHSKGDGIPDRFSGSSSGAERYLTISSLQSEDEADYYCQTWGTGILVFGGGTKLTVL,37.05959389955588,C118_UCA,0.9876214797474641,3,3,"['S31N', 'S101T']",['L2P'],QVQLVESGGGVVQPGRSLRLSCAASGFTFSSYAMHWVRQAPGKGLEWVAVISYDGSNKYYADSVKGRFTISRDNSKNTLYLQMNSLRAEDTAVYYCASGYSGYDYFVRGDYYGMDVWGQGTTVTVSS,QLVLTQSPSASASLGASVKLTCTLSSGHSSYAIAWHQQQPEKGPRYLMKLNSDGSHSKGDGIPDRFSGSSSGAERYLTISSLQSEDEADYYCQTWGTGILVFGGGTKLTVL,C118_UCA,Kirby,False,"{'002-S21F2_UCA': 0.35638472480577743, 'Ab_1-20_UCA': 0.689412253531767, 'Ab_2-15_UCA': 0.47990056818181814, 'C118_UCA': 0.9876214797474641, 'CC12.1_UCA': 0.6857675111773472}"
QVQLVESGGGVVQPGRSLRLSCAASGFTFSNYAMHWVRQAPGKGLEWVAVISYDGSNKYYADSVKGRFTISRDNSKNTLYLQMNSLRAEDTAIYYCASGYTGYDYFVRGDYYGLDVWGQGTTVTVSS|QLVLTQSPSASASLGASVKLTCTLSSGHSSYAIAWHQQQPEKGPRYLMKLNSDGSHSKGDGIPDRFSGSSSGAERYLTISSLQSEDEADYYCQTWGTGILVFGGGTKLTVL,QVQLVESGGGVVQPGRSLRLSCAASGFTFSNYAMHWVRQAPGKGLEWVAVISYDGSNKYYADSVKGRFTISRDNSKNTLYLQMNSLRAEDTAIYYCASGYTGYDYFVRGDYYGLDVWGQGTTVTVSS,QLVLTQSPSASASLGASVKLTCTLSSGHSSYAIAWHQQQPEKGPRYLMKLNSDGSHSKGDGIPDRFSGSSSGAERYLTISSLQSEDEADYYCQTWGTGILVFGGGTKLTVL,37.35487919937635,C118_UCA,0.984251968503937,4,4,"['S31N', 'V93I', 'S101T', 'M114L']",[],QVQLVESGGGVVQPGRSLRLSCAASGFTFSSYAMHWVRQAPGKGLEWVAVISYDGSNKYYADSVKGRFTISRDNSKNTLYLQMNSLRAEDTAVYYCASGYSGYDYFVRGDYYGMDVWGQGTTVTVSS,QLVLTQSPSASASLGASVKLTCTLSSGHSSYAIAWHQQQPEKGPRYLMKLNSDGSHSKGDGIPDRFSGSSSGAERYLTISSLQSEDEADYYCQTWGTGILVFGGGTKLTVL,C118_UCA,Kirby,False,"{'002-S21F2_UCA': 0.35638472480577743, 'Ab_1-20_UCA': 0.6812155322202916, 'Ab_2-15_UCA': 0.47599431818181814, 'C118_UCA': 0.984251968503937, 'CC12.1_UCA': 0.6775707898658718}"
QVQLVESGGGVVQPGRSLRLSCAASGFTFSSYAMHWVRQAPGKGLEWVAVISYDGSNKYYADSVKGRFTISRDNSKNTLYLQMNSLRAEDTAIYYCASGYTGYDYFVRGDYYGMDVWGQGTTVTVSS|QPVLTQSPSASASLGASVKLTCTLSSGHSSYAIAWHQQQPEKGPRYLMKLNSDGSHSKGDGIPDRFSGSSSGAERYLTISSLQSEDEADYYCQTWGTGILVFGGGTKLTVL,QVQLVESGGGVVQPGRSLRLSCAASGFTFSSYAMHWVRQAPGKGLEWVAVISYDGSNKYYADSVKGRFTISRDNSKNTLYLQMNSLRAEDTAIYYCASGYTGYDYFVRGDYYGMDVWGQGTTVTVSS,QPVLTQSPSASASLGASVKLTCTLSSGHSSYAIAWHQQQPEKGPRYLMKLNSDGSHSKGDGIPDRFSGSSSGAERYLTISSLQSEDEADYYCQTWGTGILVFGGGTKLTVL,38.623257242236825,C118_UCA,0.9876214797474641,3,3,"['V93I', 'S101T']",['L2P'],QVQLVESGGGVVQPGRSLRLSCAASGFTFSSYAMHWVRQAPGKGLEWVAVISYDGSNKYYADSVKGRFTISRDNSKNTLYLQMNSLRAEDTAVYYCASGYSGYDYFVRGDYYGMDVWGQGTTVTVSS,QLVLTQSPSASASLGASVKLTCTLSSGHSSYAIAWHQQQPEKGPRYLMKLNSDGSHSKGDGIPDRFSGSSSGAERYLTISSLQSEDEADYYCQTWGTGILVFGGGTKLTVL,C118_UCA,Kirby,False,"{'002-S21F2_UCA': 0.35638472480577743, 'Ab_1-20_UCA': 0.6853138928760294, 'Ab_2-15_UCA': 0.47599431818181814, 'C118_UCA': 0.9876214797474641, 'CC12.1_UCA': 0.6816691505216095}"
QVQLVESGGGVVQPGRSLRLSCAASGFTFSSYAMHWVRQAPGKGLEWVAVISYDGSNKYYADSVKGRFTISRDNSKNTLYLQMNSLRAEDTAIYYCASGYTGYDYFVRGDYYGLDVWGQGTTVTVSS|QLVLTQSPSASASLGASVKLTCTLSSGHSSYAIAWHQQQPEKGPRYLMKLNTDGSHSKGDGIPDRFSGSSSGAERYLTISSLQSEDEADYYCQTWGTGILVFGGGTKLTVL,QVQLVESGGGVVQPGRSLRLSCAASGFTFSSYAMHWVRQAPGKGLEWVAVISYDGSNKYYADSVKGRFTISRDNSKNTLYLQMNSLRAEDTAIYYCASGYTGYDYFVRGDYYGLDVWGQGTTVTVSS,QLVLTQSPSASASLGASVKLTCTLSSGHSSYAIAWHQQQPEKGPRYLMKLNTDGSHSKGDGIPDRFSGSSSGAERYLTISSLQSEDEADYYCQTWGTGILVFGGGTKLTVL,38.68507464126184,C118_UCA,0.9836844718734483,4,4,"['V93I', 'S101T', 'M114L']",['S52T'],QVQLVESGGGVVQPGRSLRLSCAASGFTFSSYAMHWVRQAPGKGLEWVAVISYDGSNKYYADSVKGRFTISRDNSKNTLYLQMNSLRAEDTAVYYCASGYSGYDYFVRGDYYGMDVWGQGTTVTVSS,QLVLTQSPSASASLGASVKLTCTLSSGHSSYAIAWHQQQPEKGPRYLMKLNSDGSHSKGDGIPDRFSGSSSGAERYLTISSLQSEDEADYYCQTWGTGILVFGGGTKLTVL,C118_UCA,Kirby,False,"{'002-S21F2_UCA': 0.3518802203012729, 'Ab_1-20_UCA': 0.6812155322202916, 'Ab_2-15_UCA': 0.47599431818181814, 'C118_UCA': 0.9836844718734483, 'CC12.1_UCA': 0.6775707898658718}"
QVQLVESGGGVVQPGRSLRLSCAASGFTFSSYAMHWVRQAPGKGLEWVAVISYDGSNKYYADSVKGRFTISRDNSKNTLYLQMNSLRAEDTAIYYCASGYTGYDYFVRGDYYGLDVWGQGTTVTVSS|QPVLTQSPSASASLGASVKLTCTLSSGHSSYAIAWHQQQPEKGPRYLMKLNTDGSHSKGDGIPDRFSGSSSGAERYLTISSLQSEDEADYYCQTWGTGILVFGGGTKLTVL,QVQLVESGGGVVQPGRSLRLSCAASGFTFSSYAMHWVRQAPGKGLEWVAVISYDGSNKYYADSVKGRFTISRDNSKNTLYLQMNSLRAEDTAIYYCASGYTGYDYFVRGDYYGLDVWGQGTTVTVSS,QPVLTQSPSASASLGASVKLTCTLSSGHSSYAIAWHQQQPEKGPRYLMKLNTDGSHSKGDGIPDRFSGSSSGAERYLTISSLQSEDEADYYCQTWGTGILVFGGGTKLTVL,39.57004422539858,C118_UCA,0.9791799673689437,5,5,"['V93I', 'S101T', 'M114L']","['L2P', 'S52T']",QVQLVESGGGVVQPGRSLRLSCAASGFTFSSYAMHWVRQAPGKGLEWVAVISYDGSNKYYADSVKGRFTISRDNSKNTLYLQMNSLRAEDTAVYYCASGYSGYDYFVRGDYYGMDVWGQGTTVTVSS,QLVLTQSPSASASLGASVKLTCTLSSGHSSYAIAWHQQQPEKGPRYLMKLNSDGSHSKGDGIPDRFSGSSSGAERYLTISSLQSEDEADYYCQTWGTGILVFGGGTKLTVL,C118_UCA,Kirby,False,"{'002-S21F2_UCA': 0.3518802203012729, 'Ab_1-20_UCA': 0.6812155322202916, 'Ab_2-15_UCA': 0.47599431818181814, 'C118_UCA': 0.9791799673689437, 'CC12.1_UCA': 0.6775707898658718}"
QVQLVESGGGVVQPGRSLRLSCAASGFTFSNYAMHWVRQAPGKGLEWVAVISYDGSNKYYADSVKGRFTISRDNSKNTLYLQMNSLRAEDTAIYYCASGYTGYDYFVRGDYYGMDVWGQGTTVTVSS|QLVLTQSPSASASLGASVKLTCTLSSGHSSYAIAWHQQQPEKGPRYLMKLNSDGSHSKGDGIPDRFSGSSSGAERYLTISSLQSEDEADYYCQTWGTGILVFGGGTKLTVL,QVQLVESGGGVVQPGRSLRLSCAASGFTFSNYAMHWVRQAPGKGLEWVAVISYDGSNKYYADSVKGRFTISRDNSKNTLYLQMNSLRAEDTAIYYCASGYTGYDYFVRGDYYGMDVWGQGTTVTVSS,QLVLTQSPSASASLGASVKLTCTLSSGHSSYAIAWHQQQPEKGPRYLMKLNSDGSHSKGDGIPDRFSGSSSGAERYLTISSLQSEDEADYYCQTWGTGILVFGGGTKLTVL,40.50423064323036,C118_UCA,0.9881889763779528,3,3,"['S31N', 'V93I', 'S101T']",[],QVQLVESGGGVVQPGRSLRLSCAASGFTFSSYAMHWVRQAPGKGLEWVAVISYDGSNKYYADSVKGRFTISRDNSKNTLYLQMNSLRAEDTAVYYCASGYSGYDYFVRGDYYGMDVWGQGTTVTVSS,QLVLTQSPSASASLGASVKLTCTLSSGHSSYAIAWHQQQPEKGPRYLMKLNSDGSHSKGDGIPDRFSGSSSGAERYLTISSLQSEDEADYYCQTWGTGILVFGGGTKLTVL,C118_UCA,Kirby,False,"{'002-S21F2_UCA': 0.35638472480577743, 'Ab_1-20_UCA': 0.6853138928760294, 'Ab_2-15_UCA': 0.47599431818181814, 'C118_UCA': 0.9881889763779528, 'CC12.1_UCA': 0.6816691505216095}"
QVQLVESGGGVVQPGRSLRLSCAASGFTFSSYAMHWVRQAPGKGLEWVAVISYDGSNKYYADSVKGRFTISRDNSKNTLYLQMNSLRAEDTAIYYCASGYTGYDYFVRGDYYGMDVWGQGTTVTVSS|QPVLTQSPSASASLGASVKLTCTLSSGHSSYAIAWHQQQPEKGPRYLMKLNTDGSHSKGDGIPDRFSGSSSGAERYLTISSLQSEDEADYYCQTWGTGILVFGGGTKLTVL,QVQLVESGGGVVQPGRSLRLSCAASGFTFSSYAMHWVRQAPGKGLEWVAVISYDGSNKYYADSVKGRFTISRDNSKNTLYLQMNSLRAEDTAIYYCASGYTGYDYFVRGDYYGMDVWGQGTTVTVSS,QPVLTQSPSASASLGASVKLTCTLSSGHSSYAIAWHQQQPEKGPRYLMKLNTDGSHSKGDGIPDRFSGSSSGAERYLTISSLQSEDEADYYCQTWGTGILVFGGGTKLTVL,41.115173139685965,C118_UCA,0.9831169752429595,4,4,"['V93I', 'S101T']","['L2P', 'S52T']",QVQLVESGGGVVQPGRSLRLSCAASGFTFSSYAMHWVRQAPGKGLEWVAVISYDGSNKYYADSVKGRFTISRDNSKNTLYLQMNSLRAEDTAVYYCASGYSGYDYFVRGDYYGMDVWGQGTTVTVSS,QLVLTQSPSASASLGASVKLTCTLSSGHSSYAIAWHQQQPEKGPRYLMKLNSDGSHSKGDGIPDRFSGSSSGAERYLTISSLQSEDEADYYCQTWGTGILVFGGGTKLTVL,C118_UCA,Kirby,False,"{'002-S21F2_UCA': 0.3518802203012729, 'Ab_1-20_UCA': 0.6853138928760294, 'Ab_2-15_UCA': 0.47599431818181814, 'C118_UCA': 0.9831169752429595, 'CC12.1_UCA': 0.6816691505216095}"
QVQLVESGGGVVQPGRSLRLSCAASGFTFSSYAMHWVRQAPGKGLEWVAVISYDGSNKYYADSVKGRFTISRDNSKNTLYLQMNSLRAEDTAVYYCASGYTGYDYFVRGDYYGLDVWGQGTTVTVSS|QLVLTQSPSASASLGASVKLTCTLSSGHSSYAIAWHQQQPEKGPRYLMKLNTDGSHSKGDGIPDRFSGSSSGAERYLTISSLQSEDEADYYCQTWGTGILVFGGGTKLTVL,QVQLVESGGGVVQPGRSLRLSCAASGFTFSSYAMHWVRQAPGKGLEWVAVISYDGSNKYYADSVKGRFTISRDNSKNTLYLQMNSLRAEDTAVYYCASGYTGYDYFVRGDYYGLDVWGQGTTVTVSS,QLVLTQSPSASASLGASVKLTCTLSSGHSSYAIAWHQQQPEKGPRYLMKLNTDGSHSKGDGIPDRFSGSSSGAERYLTISSLQSEDEADYYCQTWGTGILVFGGGTKLTVL,41.5978845615976,C118_UCA,0.9876214797474641,3,3,"['S101T', 'M114L']",['S52T'],QVQLVESGGGVVQPGRSLRLSCAASGFTFSSYAMHWVRQAPGKGLEWVAVISYDGSNKYYADSVKGRFTISRDNSKNTLYLQMNSLRAEDTAVYYCASGYSGYDYFVRGDYYGMDVWGQGTTVTVSS,QLVLTQSPSASASLGASVKLTCTLSSGHSSYAIAWHQQQPEKGPRYLMKLNSDGSHSKGDGIPDRFSGSSSGAERYLTISSLQSEDEADYYCQTWGTGILVFGGGTKLTVL,C118_UCA,Kirby,False,"{'002-S21F2_UCA': 0.3518802203012729, 'Ab_1-20_UCA': 0.6853138928760294, 'Ab_2-15_UCA': 0.47990056818181814, 'C118_UCA': 0.9876214797474641, 'CC12.1_UCA': 0.6816691505216095}"
QVQLVESGGGVVQPGRSLRLSCAASGFTFSNYAMHWVRQAPGKGLEWVAVISYDGSNKYYADSVKGRFTISRDNSKNTLYLQMNSLRAEDTAVYYCASGYTGYDYFVRGDYYGLDVWGQGTTVTVSS|QPVLTQSPSASASLGASVKLTCTLSSGHSSYAIAWHQQQPEKGPRYLMKLNTDGSHSKGDGIPDRFSGSSSGAERYLTISSLQSEDEADYYCQTWGTGILVFGGGTKLTVL,QVQLVESGGGVVQPGRSLRLSCAASGFTFSNYAMHWVRQAPGKGLEWVAVISYDGSNKYYADSVKGRFTISRDNSKNTLYLQMNSLRAEDTAVYYCASGYTGYDYFVRGDYYGLDVWGQGTTVTVSS,QPVLTQSPSASASLGASVKLTCTLSSGHSSYAIAWHQQQPEKGPRYLMKLNTDGSHSKGDGIPDRFSGSSSGAERYLTISSLQSEDEADYYCQTWGTGILVFGGGTKLTVL,41.83503316599616,C118_UCA,0.9791799673689437,5,5,"['S31N', 'S101T', 'M114L']","['L2P', 'S52T']",QVQLVESGGGVVQPGRSLRLSCAASGFTFSSYAMHWVRQAPGKGLEWVAVISYDGSNKYYADSVKGRFTISRDNSKNTLYLQMNSLRAEDTAVYYCASGYSGYDYFVRGDYYGMDVWGQGTTVTVSS,QLVLTQSPSASASLGASVKLTCTLSSGHSSYAIAWHQQQPEKGPRYLMKLNSDGSHSKGDGIPDRFSGSSSGAERYLTISSLQSEDEADYYCQTWGTGILVFGGGTKLTVL,C118_UCA,Kirby,False,"{'002-S21F2_UCA': 0.3518802203012729, 'Ab_1-20_UCA': 0.6853138928760294, 'Ab_2-15_UCA': 0.47990056818181814, 'C118_UCA': 0.9791799673689437, 'CC12.1_UCA': 0.6816691505216095}"
QVQLVESGGGVVQPGRSLRLSCAASGFTFSNYAMHWVRQAPGKGLEWVAVISYDGSNKYYADSVKGRFTISRDNSKNTLYLQMNSLRAEDTAVYYCASGYTGYDYFVRGDYYGMDVWGQGTTVTVSS|QLVLTQSPSASASLGASVKLTCTLSSGHSSYAIAWHQQQPEKGPRYLMKLNSDGSHSKGDGIPDRFSGSSSGAERYLTISSLQSEDEADYYCQTWGTGILVFGGGTKLTVL,QVQLVESGGGVVQPGRSLRLSCAASGFTFSNYAMHWVRQAPGKGLEWVAVISYDGSNKYYADSVKGRFTISRDNSKNTLYLQMNSLRAEDTAVYYCASGYTGYDYFVRGDYYGMDVWGQGTTVTVSS,QLVLTQSPSASASLGASVKLTCTLSSGHSSYAIAWHQQQPEKGPRYLMKLNSDGSHSKGDGIPDRFSGSSSGAERYLTISSLQSEDEADYYCQTWGTGILVFGGGTKLTVL,41.938092469734485,C118_UCA,0.9921259842519685,2,2,"['S31N', 'S101T']",[],QVQLVESGGGVVQPGRSLRLSCAASGFTFSSYAMHWVRQAPGKGLEWVAVISYDGSNKYYADSVKGRFTISRDNSKNTLYLQMNSLRAEDTAVYYCASGYSGYDYFVRGDYYGMDVWGQGTTVTVSS,QLVLTQSPSASASLGASVKLTCTLSSGHSSYAIAWHQQQPEKGPRYLMKLNSDGSHSKGDGIPDRFSGSSSGAERYLTISSLQSEDEADYYCQTWGTGILVFGGGTKLTVL,C118_UCA,Kirby,False,"{'002-S21F2_UCA': 0.35638472480577743, 'Ab_1-20_UCA': 0.689412253531767, 'Ab_2-15_UCA': 0.47990056818181814, 'C118_UCA': 0.9921259842519685, 'CC12.1_UCA': 0.6857675111773472}"
QVQLVESGGGVVQPGRSLRLSCAASGFTFSNYAMHWVRQAPGKGLEWVAVISYDGSNKYYADSVKGRFTISRDNSKNTLYLQMNSLRAEDTAIYYCASGYTGYDYFVRGDYYGMDVWGQGTTVTVSS|QPVLTQSPSASASLGASVKLTCTLSSGHSSYAIAWHQQQPEKGPRYLMKLNSDGSHSKGDGIPDRFSGSSSGAERYLTISSLQSEDEADYYCQTWGTGILVFGGGTKLTVL,QVQLVESGGGVVQPGRSLRLSCAASGFTFSNYAMHWVRQAPGKGLEWVAVISYDGSNKYYADSVKGRFTISRDNSKNTLYLQMNSLRAEDTAIYYCASGYTGYDYFVRGDYYGMDVWGQGTTVTVSS,QPVLTQSPSASASLGASVKLTCTLSSGHSSYAIAWHQQQPEKGPRYLMKLNSDGSHSKGDGIPDRFSGSSSGAERYLTISSLQSEDEADYYCQTWGTGILVFGGGTKLTVL,42.028672355904845,C118_UCA,0.9836844718734483,4,4,"['S31N', 'V93I', 'S101T']",['L2P'],QVQLVESGGGVVQPGRSLRLSCAASGFTFSSYAMHWVRQAPGKGLEWVAVISYDGSNKYYADSVKGRFTISRDNSKNTLYLQMNSLRAEDTAVYYCASGYSGYDYFVRGDYYGMDVWGQGTTVTVSS,QLVLTQSPSASASLGASVKLTCTLSSGHSSYAIAWHQQQPEKGPRYLMKLNSDGSHSKGDGIPDRFSGSSSGAERYLTISSLQSEDEADYYCQTWGTGILVFGGGTKLTVL,C118_UCA,Kirby,False,"{'002-S21F2_UCA': 0.35638472480577743, 'Ab_1-20_UCA': 0.6853138928760294, 'Ab_2-15_UCA': 0.47599431818181814, 'C118_UCA': 0.9836844718734483, 'CC12.1_UCA': 0.6816691505216095}"
QVQLVESGGGVVQPGRSLRLSCAASGFTFSNYAMHWVRQAPGKGLEWVAVISYDGSNKYYADSVKGRFTISRDNSKNTLYLQMNSLRAEDTAIYYCASGYTGYDYFVRGDYYGLDVWGQGTTVTVSS|QLVLTQSPSASASLGASVKLTCTLSSGHSSYAIAWHQQQPEKGPRYLMKLNTDGSHSKGDGIPDRFSGSSSGAERYLTISSLQSEDEADYYCQTWGTGILVFGGGTKLTVL,QVQLVESGGGVVQPGRSLRLSCAASGFTFSNYAMHWVRQAPGKGLEWVAVISYDGSNKYYADSVKGRFTISRDNSKNTLYLQMNSLRAEDTAIYYCASGYTGYDYFVRGDYYGLDVWGQGTTVTVSS,QLVLTQSPSASASLGASVKLTCTLSSGHSSYAIAWHQQQPEKGPRYLMKLNTDGSHSKGDGIPDRFSGSSSGAERYLTISSLQSEDEADYYCQTWGTGILVFGGGTKLTVL,44.016349235255745,C118_UCA,0.9797474639994325,5,5,"['S31N', 'V93I', 'S101T', 'M114L']",['S52T'],QVQLVESGGGVVQPGRSLRLSCAASGFTFSSYAMHWVRQAPGKGLEWVAVISYDGSNKYYADSVKGRFTISRDNSKNTLYLQMNSLRAEDTAVYYCASGYSGYDYFVRGDYYGMDVWGQGTTVTVSS,QLVLTQSPSASASLGASVKLTCTLSSGHSSYAIAWHQQQPEKGPRYLMKLNSDGSHSKGDGIPDRFSGSSSGAERYLTISSLQSEDEADYYCQTWGTGILVFGGGTKLTVL,C118_UCA,Kirby,False,"{'002-S21F2_UCA': 0.3518802203012729, 'Ab_1-20_UCA': 0.6812155322202916, 'Ab_2-15_UCA': 0.47599431818181814, 'C118_UCA': 0.9797474639994325, 'CC12.1_UCA': 0.6775707898658718}"
QVQLVESGGGVVQPGRSLRLSCAASGFTFSSYAMHWVRQAPGKGLEWVAVISYDGSNKYYADSVKGRFTISRDNSKNTLYLQMNSLRAEDTAIYYCASGYTGYDYFVRGDYYGMDVWGQGTTVTVSS|QLVLTQSPSASASLGASVKLTCTLSSGHSSYAIAWHQQQPEKGPRYLMKLNSDGSHSKGDGIPDRFSGSSSGAERYLTISSLQSEDEADYYCQTWGTGILVFGGGTKLTVL,QVQLVESGGGVVQPGRSLRLSCAASGFTFSSYAMHWVRQAPGKGLEWVAVISYDGSNKYYADSVKGRFTISRDNSKNTLYLQMNSLRAEDTAIYYCASGYTGYDYFVRGDYYGMDVWGQGTTVTVSS,QLVLTQSPSASASLGASVKLTCTLSSGHSSYAIAWHQQQPEKGPRYLMKLNSDGSHSKGDGIPDRFSGSSSGAERYLTISSLQSEDEADYYCQTWGTGILVFGGGTKLTVL,44.04888874875277,C118_UCA,0.9921259842519685,2,2,"['V93I', 'S101T']",[],QVQLVESGGGVVQPGRSLRLSCAASGFTFSSYAMHWVRQAPGKGLEWVAVISYDGSNKYYADSVKGRFTISRDNSKNTLYLQMNSLRAEDTAVYYCASGYSGYDYFVRGDYYGMDVWGQGTTVTVSS,QLVLTQSPSASASLGASVKLTCTLSSGHSSYAIAWHQQQPEKGPRYLMKLNSDGSHSKGDGIPDRFSGSSSGAERYLTISSLQSEDEADYYCQTWGTGILVFGGGTKLTVL,C118_UCA,Kirby,False,"{'002-S21F2_UCA': 0.35638472480577743, 'Ab_1-20_UCA': 0.6853138928760294, 'Ab_2-15_UCA': 0.47599431818181814, 'C118_UCA': 0.9921259842519685, 'CC12.1_UCA': 0.6816691505216095}"
QVQLVESGGGVVQPGRSLRLSCAASGFTFSNYAMHWVRQAPGKGLEWVAVISYDGSNKYYADSVKGRFTISRDNSKNTLYLQMNSLRAEDTAIYYCASGYSGYDYFVRGDYYGLDVWGQGTTVTVSS|QLVLTQSPSASASLGASVKLTCTLSSGHSSYAIAWHQQQPEKGPRYLMKLNTDGSHSKGDGIPDRFSGSSSGAERYLTISSLQSEDEADYYCQTWGTGILVFGGGTKLTVL,QVQLVESGGGVVQPGRSLRLSCAASGFTFSNYAMHWVRQAPGKGLEWVAVISYDGSNKYYADSVKGRFTISRDNSKNTLYLQMNSLRAEDTAIYYCASGYSGYDYFVRGDYYGLDVWGQGTTVTVSS,QLVLTQSPSASASLGASVKLTCTLSSGHSSYAIAWHQQQPEKGPRYLMKLNTDGSHSKGDGIPDRFSGSSSGAERYLTISSLQSEDEADYYCQTWGTGILVFGGGTKLTVL,44.68999999999999,C118_UCA,0.9836844718734483,4,4,"['S31N', 'V93I', 'M114L']",['S52T'],QVQLVESGGGVVQPGRSLRLSCAASGFTFSSYAMHWVRQAPGKGLEWVAVISYDGSNKYYADSVKGRFTISRDNSKNTLYLQMNSLRAEDTAVYYCASGYSGYDYFVRGDYYGMDVWGQGTTVTVSS,QLVLTQSPSASASLGASVKLTCTLSSGHSSYAIAWHQQQPEKGPRYLMKLNSDGSHSKGDGIPDRFSGSSSGAERYLTISSLQSEDEADYYCQTWGTGILVFGGGTKLTVL,C118_UCA,Kirby,False,"{'002-S21F2_UCA': 0.3478316373053215, 'Ab_1-20_UCA': 0.6812155322202916, 'Ab_2-15_UCA': 0.47599431818181814, 'C118_UCA': 0.9836844718734483, 'CC12.1_UCA': 0.6775707898658718}"
QVQLVESGGGVVQPGRSLRLSCAASGFTFSSYAMHWVRQAPGKGLEWVAVISYDGSNKYYADSVKGRFTISRDNSKNTLYLQMNSLRAEDTAVYYCASGYTGYDYFVRGDYYGMDVWGQGTTVTVSS|QPVLTQSPSASASLGASVKLTCTLSSGHSSYAIAWHQQQPEKGPRYLMKLNSDGSHSKGDGIPDRFSGSSSGAERYLTISSLQSEDEADYYCQTWGTGILVFGGGTKLTVL,QVQLVESGGGVVQPGRSLRLSCAASGFTFSSYAMHWVRQAPGKGLEWVAVISYDGSNKYYADSVKGRFTISRDNSKNTLYLQMNSLRAEDTAVYYCASGYTGYDYFVRGDYYGMDVWGQGTTVTVSS,QPVLTQSPSASASLGASVKLTCTLSSGHSSYAIAWHQQQPEKGPRYLMKLNSDGSHSKGDGIPDRFSGSSSGAERYLTISSLQSEDEADYYCQTWGTGILVFGGGTKLTVL,44.76843195824487,C118_UCA,0.9915584876214798,2,2,['S101T'],['L2P'],QVQLVESGGGVVQPGRSLRLSCAASGFTFSSYAMHWVRQAPGKGLEWVAVISYDGSNKYYADSVKGRFTISRDNSKNTLYLQMNSLRAEDTAVYYCASGYSGYDYFVRGDYYGMDVWGQGTTVTVSS,QLVLTQSPSASASLGASVKLTCTLSSGHSSYAIAWHQQQPEKGPRYLMKLNSDGSHSKGDGIPDRFSGSSSGAERYLTISSLQSEDEADYYCQTWGTGILVFGGGTKLTVL,C118_UCA,Kirby,False,"{'002-S21F2_UCA': 0.35638472480577743, 'Ab_1-20_UCA': 0.689412253531767, 'Ab_2-15_UCA': 0.47990056818181814, 'C118_UCA': 0.9915584876214798, 'CC12.1_UCA': 0.6857675111773472}"
QVQLVESGGGVVQPGRSLRLSCAASGFTFSSYAMHWVRQAPGKGLEWVAVISYDGSNKYYADSVKGRFTISRDNSKNTLYLQMNSLRAEDTAIYYCASGYTGYDYFVRGDYYGMDVWGQGTTVTVSS|QLVLTQSPSASASLGASVKLTCTLSSGHSSYAIAWHQQQPEKGPRYLMKLNTDGSHSKGDGIPDRFSGSSSGAERYLTISSLQSEDEADYYCQTWGTGILVFGGGTKLTVL,QVQLVESGGGVVQPGRSLRLSCAASGFTFSSYAMHWVRQAPGKGLEWVAVISYDGSNKYYADSVKGRFTISRDNSKNTLYLQMNSLRAEDTAIYYCASGYTGYDYFVRGDYYGMDVWGQGTTVTVSS,QLVLTQSPSASASLGASVKLTCTLSSGHSSYAIAWHQQQPEKGPRYLMKLNTDGSHSKGDGIPDRFSGSSSGAERYLTISSLQSEDEADYYCQTWGTGILVFGGGTKLTVL,47.149507950772936,C118_UCA,0.9876214797474641,3,3,"['V93I', 'S101T']",['S52T'],QVQLVESGGGVVQPGRSLRLSCAASGFTFSSYAMHWVRQAPGKGLEWVAVISYDGSNKYYADSVKGRFTISRDNSKNTLYLQMNSLRAEDTAVYYCASGYSGYDYFVRGDYYGMDVWGQGTTVTVSS,QLVLTQSPSASASLGASVKLTCTLSSGHSSYAIAWHQQQPEKGPRYLMKLNSDGSHSKGDGIPDRFSGSSSGAERYLTISSLQSEDEADYYCQTWGTGILVFGGGTKLTVL,C118_UCA,Kirby,False,"{'002-S21F2_UCA': 0.3518802203012729, 'Ab_1-20_UCA': 0.6853138928760294, 'Ab_2-15_UCA': 0.47599431818181814, 'C118_UCA': 0.9876214797474641, 'CC12.1_UCA': 0.6816691505216095}"
QVQLVESGGGVVQPGRSLRLSCAASGFTFSSYAMHWVRQAPGKGLEWVAVISYDGSNKYYADSVKGRFTISRDNSKNTLYLQMNSLRAEDTAVYYCASGYTGYDYFVRGDYYGMDVWGQGTTVTVSS|QLVLTQSPSASASLGASVKLTCTLSSGHSSYAIAWHQQQPEKGPRYLMKLNSDGSHSKGDGIPDRFSGSSSGAERYLTISSLQSEDEADYYCQTWGTGILVFGGGTKLTVL,QVQLVESGGGVVQPGRSLRLSCAASGFTFSSYAMHWVRQAPGKGLEWVAVISYDGSNKYYADSVKGRFTISRDNSKNTLYLQMNSLRAEDTAVYYCASGYTGYDYFVRGDYYGMDVWGQGTTVTVSS,QLVLTQSPSASASLGASVKLTCTLSSGHSSYAIAWHQQQPEKGPRYLMKLNSDGSHSKGDGIPDRFSGSSSGAERYLTISSLQSEDEADYYCQTWGTGILVFGGGTKLTVL,47.352089711014855,C118_UCA,0.9960629921259843,1,1,['S101T'],[],QVQLVESGGGVVQPGRSLRLSCAASGFTFSSYAMHWVRQAPGKGLEWVAVISYDGSNKYYADSVKGRFTISRDNSKNTLYLQMNSLRAEDTAVYYCASGYSGYDYFVRGDYYGMDVWGQGTTVTVSS,QLVLTQSPSASASLGASVKLTCTLSSGHSSYAIAWHQQQPEKGPRYLMKLNSDGSHSKGDGIPDRFSGSSSGAERYLTISSLQSEDEADYYCQTWGTGILVFGGGTKLTVL,C118_UCA,Kirby,False,"{'002-S21F2_UCA': 0.35638472480577743, 'Ab_1-20_UCA': 0.689412253531767, 'Ab_2-15_UCA': 0.47990056818181814, 'C118_UCA': 0.9960629921259843, 'CC12.1_UCA': 0.6857675111773472}"
QVQLVESGGGVVQPGRSLRLSCAASGFTFSNYAMHWVRQAPGKGLEWVAVISYDGSNKYYADSVKGRFTISRDNSKNTLYLQMNSLRAEDTAIYYCASGYTGYDYFVRGDYYGMDVWGQGTTVTVSS|QPVLTQSPSASASLGASVKLTCTLSSGHSSYAIAWHQQQPEKGPRYLMKLNTDGSHSKGDGIPDRFSGSSSGAERYLTISSLQSEDEADYYCQTWGTGILVFGGGTKLTVL,QVQLVESGGGVVQPGRSLRLSCAASGFTFSNYAMHWVRQAPGKGLEWVAVISYDGSNKYYADSVKGRFTISRDNSKNTLYLQMNSLRAEDTAIYYCASGYTGYDYFVRGDYYGMDVWGQGTTVTVSS,QPVLTQSPSASASLGASVKLTCTLSSGHSSYAIAWHQQQPEKGPRYLMKLNTDGSHSKGDGIPDRFSGSSSGAERYLTISSLQSEDEADYYCQTWGTGILVFGGGTKLTVL,49.1750912556347,C118_UCA,0.9791799673689437,5,5,"['S31N', 'V93I', 'S101T']","['L2P', 'S52T']",QVQLVESGGGVVQPGRSLRLSCAASGFTFSSYAMHWVRQAPGKGLEWVAVISYDGSNKYYADSVKGRFTISRDNSKNTLYLQMNSLRAEDTAVYYCASGYSGYDYFVRGDYYGMDVWGQGTTVTVSS,QLVLTQSPSASASLGASVKLTCTLSSGHSSYAIAWHQQQPEKGPRYLMKLNSDGSHSKGDGIPDRFSGSSSGAERYLTISSLQSEDEADYYCQTWGTGILVFGGGTKLTVL,C118_UCA,Kirby,False,"{'002-S21F2_UCA': 0.3518802203012729, 'Ab_1-20_UCA': 0.6853138928760294, 'Ab_2-15_UCA': 0.47599431818181814, 'C118_UCA': 0.9791799673689437, 'CC12.1_UCA': 0.6816691505216095}"
QVQLVESGGGVVQPGRSLRLSCAASGFTFSNYAMHWVRQAPGKGLEWVAVISYDGSNKYYADSVKGRFTISRDNSKNTLYLQMNSLRAEDTAVYYCASGYSGYDYFVRGDYYGLDVWGQGTTVTVSS|QPVLTQSPSASASLGASVKLTCTLSSGHSSYAIAWHQQQPEKGPRYLMKLNSDGSHSKGDGIPDRFSGSSSGAERYLTISSLQSEDEADYYCQTWGTGILVFGGGTKLTVL,QVQLVESGGGVVQPGRSLRLSCAASGFTFSNYAMHWVRQAPGKGLEWVAVISYDGSNKYYADSVKGRFTISRDNSKNTLYLQMNSLRAEDTAVYYCASGYSGYDYFVRGDYYGLDVWGQGTTVTVSS,QPVLTQSPSASASLGASVKLTCTLSSGHSSYAIAWHQQQPEKGPRYLMKLNSDGSHSKGDGIPDRFSGSSSGAERYLTISSLQSEDEADYYCQTWGTGILVFGGGTKLTVL,50.58000000000001,C118_UCA,0.9876214797474641,3,3,"['S31N', 'M114L']",['L2P'],QVQLVESGGGVVQPGRSLRLSCAASGFTFSSYAMHWVRQAPGKGLEWVAVISYDGSNKYYADSVKGRFTISRDNSKNTLYLQMNSLRAEDTAVYYCASGYSGYDYFVRGDYYGMDVWGQGTTVTVSS,QLVLTQSPSASASLGASVKLTCTLSSGHSSYAIAWHQQQPEKGPRYLMKLNSDGSHSKGDGIPDRFSGSSSGAERYLTISSLQSEDEADYYCQTWGTGILVFGGGTKLTVL,C118_UCA,Kirby,False,"{'002-S21F2_UCA': 0.35233614180982603, 'Ab_1-20_UCA': 0.6853138928760294, 'Ab_2-15_UCA': 0.47990056818181814, 'C118_UCA': 0.9876214797474641, 'CC12.1_UCA': 0.6816691505216095}"
QVQLVESGGGVVQPGRSLRLSCAASGFTFSNYAMHWVRQAPGKGLEWVAVISYDGSNKYYADSVKGRFTISRDNSKNTLYLQMNSLRAEDTAIYYCASGYSGYDYFVRGDYYGLDVWGQGTTVTVSS|QPVLTQSPSASASLGASVKLTCTLSSGHSSYAIAWHQQQPEKGPRYLMKLNSDGSHSKGDGIPDRFSGSSSGAERYLTISSLQSEDEADYYCQTWGTGILVFGGGTKLTVL,QVQLVESGGGVVQPGRSLRLSCAASGFTFSNYAMHWVRQAPGKGLEWVAVISYDGSNKYYADSVKGRFTISRDNSKNTLYLQMNSLRAEDTAIYYCASGYSGYDYFVRGDYYGLDVWGQGTTVTVSS,QPVLTQSPSASASLGASVKLTCTLSSGHSSYAIAWHQQQPEKGPRYLMKLNSDGSHSKGDGIPDRFSGSSSGAERYLTISSLQSEDEADYYCQTWGTGILVFGGGTKLTVL,50.72319982020061,C118_UCA,0.9836844718734483,4,4,"['S31N', 'V93I', 'M114L']",['L2P'],QVQLVESGGGVVQPGRSLRLSCAASGFTFSSYAMHWVRQAPGKGLEWVAVISYDGSNKYYADSVKGRFTISRDNSKNTLYLQMNSLRAEDTAVYYCASGYSGYDYFVRGDYYGMDVWGQGTTVTVSS,QLVLTQSPSASASLGASVKLTCTLSSGHSSYAIAWHQQQPEKGPRYLMKLNSDGSHSKGDGIPDRFSGSSSGAERYLTISSLQSEDEADYYCQTWGTGILVFGGGTKLTVL,C118_UCA,Kirby,False,"{'002-S21F2_UCA': 0.35233614180982603, 'Ab_1-20_UCA': 0.6812155322202916, 'Ab_2-15_UCA': 0.47599431818181814, 'C118_UCA': 0.9836844718734483, 'CC12.1_UCA': 0.6775707898658718}"
QVQLVESGGGVVQPGRSLRLSCAASGFTFSSYAMHWVRQAPGKGLEWVAVISYDGSNKYYADSVKGRFTISRDNSKNTLYLQMNSLRAEDTAVYYCASGYTGYDYFVRGDYYGMDVWGQGTTVTVSS|QPVLTQSPSASASLGASVKLTCTLSSGHSSYAIAWHQQQPEKGPRYLMKLNTDGSHSKGDGIPDRFSGSSSGAERYLTISSLQSEDEADYYCQTWGTGILVFGGGTKLTVL,QVQLVESGGGVVQPGRSLRLSCAASGFTFSSYAMHWVRQAPGKGLEWVAVISYDGSNKYYADSVKGRFTISRDNSKNTLYLQMNSLRAEDTAVYYCASGYTGYDYFVRGDYYGMDVWGQGTTVTVSS,QPVLTQSPSASASLGASVKLTCTLSSGHSSYAIAWHQQQPEKGPRYLMKLNTDGSHSKGDGIPDRFSGSSSGAERYLTISSLQSEDEADYYCQTWGTGILVFGGGTKLTVL,51.06600826381478,C118_UCA,0.9870539831169752,3,3,['S101T'],"['L2P', 'S52T']",QVQLVESGGGVVQPGRSLRLSCAASGFTFSSYAMHWVRQAPGKGLEWVAVISYDGSNKYYADSVKGRFTISRDNSKNTLYLQMNSLRAEDTAVYYCASGYSGYDYFVRGDYYGMDVWGQGTTVTVSS,QLVLTQSPSASASLGASVKLTCTLSSGHSSYAIAWHQQQPEKGPRYLMKLNSDGSHSKGDGIPDRFSGSSSGAERYLTISSLQSEDEADYYCQTWGTGILVFGGGTKLTVL,C118_UCA,Kirby,False,"{'002-S21F2_UCA': 0.3518802203012729, 'Ab_1-20_UCA': 0.689412253531767, 'Ab_2-15_UCA': 0.47990056818181814, 'C118_UCA': 0.9870539831169752, 'CC12.1_UCA': 0.6857675111773472}"
QVQLVESGGGVVQPGRSLRLSCAASGFTFSNYAMHWVRQAPGKGLEWVAVISYDGSNKYYADSVKGRFTISRDNSKNTLYLQMNSLRAEDTAVYYCASGYSGYDYFVRGDYYGLDVWGQGTTVTVSS|QLVLTQSPSASASLGASVKLTCTLSSGHSSYAIAWHQQQPEKGPRYLMKLNSDGSHSKGDGIPDRFSGSSSGAERYLTISSLQSEDEADYYCQTWGTGILVFGGGTKLTVL,QVQLVESGGGVVQPGRSLRLSCAASGFTFSNYAMHWVRQAPGKGLEWVAVISYDGSNKYYADSVKGRFTISRDNSKNTLYLQMNSLRAEDTAVYYCASGYSGYDYFVRGDYYGLDVWGQGTTVTVSS,QLVLTQSPSASASLGASVKLTCTLSSGHSSYAIAWHQQQPEKGPRYLMKLNSDGSHSKGDGIPDRFSGSSSGAERYLTISSLQSEDEADYYCQTWGTGILVFGGGTKLTVL,52.79427620490691,C118_UCA,0.9921259842519685,2,2,"['S31N', 'M114L']",[],QVQLVESGGGVVQPGRSLRLSCAASGFTFSSYAMHWVRQAPGKGLEWVAVISYDGSNKYYADSVKGRFTISRDNSKNTLYLQMNSLRAEDTAVYYCASGYSGYDYFVRGDYYGMDVWGQGTTVTVSS,QLVLTQSPSASASLGASVKLTCTLSSGHSSYAIAWHQQQPEKGPRYLMKLNSDGSHSKGDGIPDRFSGSSSGAERYLTISSLQSEDEADYYCQTWGTGILVFGGGTKLTVL,C118_UCA,Kirby,False,"{'002-S21F2_UCA': 0.35233614180982603, 'Ab_1-20_UCA': 0.6853138928760294, 'Ab_2-15_UCA': 0.47990056818181814, 'C118_UCA': 0.9921259842519685, 'CC12.1_UCA': 0.6816691505216095}"
QVQLVESGGGVVQPGRSLRLSCAASGFTFSNYAMHWVRQAPGKGLEWVAVISYDGSNKYYADSVKGRFTISRDNSKNTLYLQMNSLRAEDTAVYYCASGYSGYDYFVRGDYYGLDVWGQGTTVTVSS|QLVLTQSPSASASLGASVKLTCTLSSGHSSYAIAWHQQQPEKGPRYLMKLNTDGSHSKGDGIPDRFSGSSSGAERYLTISSLQSEDEADYYCQTWGTGILVFGGGTKLTVL,QVQLVESGGGVVQPGRSLRLSCAASGFTFSNYAMHWVRQAPGKGLEWVAVISYDGSNKYYADSVKGRFTISRDNSKNTLYLQMNSLRAEDTAVYYCASGYSGYDYFVRGDYYGLDVWGQGTTVTVSS,QLVLTQSPSASASLGASVKLTCTLSSGHSSYAIAWHQQQPEKGPRYLMKLNTDGSHSKGDGIPDRFSGSSSGAERYLTISSLQSEDEADYYCQTWGTGILVFGGGTKLTVL,56.57999999999999,C118_UCA,0.9876214797474641,3,3,"['S31N', 'M114L']",['S52T'],QVQLVESGGGVVQPGRSLRLSCAASGFTFSSYAMHWVRQAPGKGLEWVAVISYDGSNKYYADSVKGRFTISRDNSKNTLYLQMNSLRAEDTAVYYCASGYSGYDYFVRGDYYGMDVWGQGTTVTVSS,QLVLTQSPSASASLGASVKLTCTLSSGHSSYAIAWHQQQPEKGPRYLMKLNSDGSHSKGDGIPDRFSGSSSGAERYLTISSLQSEDEADYYCQTWGTGILVFGGGTKLTVL,C118_UCA,Kirby,False,"{'002-S21F2_UCA': 0.3478316373053215, 'Ab_1-20_UCA': 0.6853138928760294, 'Ab_2-15_UCA': 0.47990056818181814, 'C118_UCA': 0.9876214797474641, 'CC12.1_UCA': 0.6816691505216095}"
QVQLVESGGGVVQPGRSLRLSCAASGFTFSNYAMHWVRQAPGKGLEWVAVISYDGSNKYYADSVKGRFTISRDNSKNTLYLQMNSLRAEDTAVYYCASGYTGYDYFVRGDYYGMDVWGQGTTVTVSS|QPVLTQSPSASASLGASVKLTCTLSSGHSSYAIAWHQQQPEKGPRYLMKLNTDGSHSKGDGIPDRFSGSSSGAERYLTISSLQSEDEADYYCQTWGTGILVFGGGTKLTVL,QVQLVESGGGVVQPGRSLRLSCAASGFTFSNYAMHWVRQAPGKGLEWVAVISYDGSNKYYADSVKGRFTISRDNSKNTLYLQMNSLRAEDTAVYYCASGYTGYDYFVRGDYYGMDVWGQGTTVTVSS,QPVLTQSPSASASLGASVKLTCTLSSGHSSYAIAWHQQQPEKGPRYLMKLNTDGSHSKGDGIPDRFSGSSSGAERYLTISSLQSEDEADYYCQTWGTGILVFGGGTKLTVL,57.56540389637876,C118_UCA,0.9831169752429595,4,4,"['S31N', 'S101T']","['L2P', 'S52T']",QVQLVESGGGVVQPGRSLRLSCAASGFTFSSYAMHWVRQAPGKGLEWVAVISYDGSNKYYADSVKGRFTISRDNSKNTLYLQMNSLRAEDTAVYYCASGYSGYDYFVRGDYYGMDVWGQGTTVTVSS,QLVLTQSPSASASLGASVKLTCTLSSGHSSYAIAWHQQQPEKGPRYLMKLNSDGSHSKGDGIPDRFSGSSSGAERYLTISSLQSEDEADYYCQTWGTGILVFGGGTKLTVL,C118_UCA,Kirby,False,"{'002-S21F2_UCA': 0.3518802203012729, 'Ab_1-20_UCA': 0.689412253531767, 'Ab_2-15_UCA': 0.47990056818181814, 'C118_UCA': 0.9831169752429595, 'CC12.1_UCA': 0.6857675111773472}"
QVQLVESGGGVVQPGRSLRLSCAASGFTFSNYAMHWVRQAPGKGLEWVAVISYDGSNKYYADSVKGRFTISRDNSKNTLYLQMNSLRAEDTAVYYCASGYTGYDYFVRGDYYGMDVWGQGTTVTVSS|QLVLTQSPSASASLGASVKLTCTLSSGHSSYAIAWHQQQPEKGPRYLMKLNTDGSHSKGDGIPDRFSGSSSGAERYLTISSLQSEDEADYYCQTWGTGILVFGGGTKLTVL,QVQLVESGGGVVQPGRSLRLSCAASGFTFSNYAMHWVRQAPGKGLEWVAVISYDGSNKYYADSVKGRFTISRDNSKNTLYLQMNSLRAEDTAVYYCASGYTGYDYFVRGDYYGMDVWGQGTTVTVSS,QLVLTQSPSASASLGASVKLTCTLSSGHSSYAIAWHQQQPEKGPRYLMKLNTDGSHSKGDGIPDRFSGSSSGAERYLTISSLQSEDEADYYCQTWGTGILVFGGGTKLTVL,57.920000000000016,C118_UCA,0.9876214797474641,3,3,"['S31N', 'S101T']",['S52T'],QVQLVESGGGVVQPGRSLRLSCAASGFTFSSYAMHWVRQAPGKGLEWVAVISYDGSNKYYADSVKGRFTISRDNSKNTLYLQMNSLRAEDTAVYYCASGYSGYDYFVRGDYYGMDVWGQGTTVTVSS,QLVLTQSPSASASLGASVKLTCTLSSGHSSYAIAWHQQQPEKGPRYLMKLNSDGSHSKGDGIPDRFSGSSSGAERYLTISSLQSEDEADYYCQTWGTGILVFGGGTKLTVL,C118_UCA,Kirby,False,"{'002-S21F2_UCA': 0.3518802203012729, 'Ab_1-20_UCA': 0.689412253531767, 'Ab_2-15_UCA': 0.47990056818181814, 'C118_UCA': 0.9876214797474641, 'CC12.1_UCA': 0.6857675111773472}"
QVQLVESGGGVVQPGRSLRLSCAASGFTFSNYAMHWVRQAPGKGLEWVAVISYDGSNKYYADSVKGRFTISRDNSKNTLYLQMNSLRAEDTAIYYCASGYSGYDYFVRGDYYGLDVWGQGTTVTVSS|QPVLTQSPSASASLGASVKLTCTLSSGHSSYAIAWHQQQPEKGPRYLMKLNTDGSHSKGDGIPDRFSGSSSGAERYLTISSLQSEDEADYYCQTWGTGILVFGGGTKLTVL,QVQLVESGGGVVQPGRSLRLSCAASGFTFSNYAMHWVRQAPGKGLEWVAVISYDGSNKYYADSVKGRFTISRDNSKNTLYLQMNSLRAEDTAIYYCASGYSGYDYFVRGDYYGLDVWGQGTTVTVSS,QPVLTQSPSASASLGASVKLTCTLSSGHSSYAIAWHQQQPEKGPRYLMKLNTDGSHSKGDGIPDRFSGSSSGAERYLTISSLQSEDEADYYCQTWGTGILVFGGGTKLTVL,58.25,C118_UCA,0.9791799673689437,5,5,"['S31N', 'V93I', 'M114L']","['L2P', 'S52T']",QVQLVESGGGVVQPGRSLRLSCAASGFTFSSYAMHWVRQAPGKGLEWVAVISYDGSNKYYADSVKGRFTISRDNSKNTLYLQMNSLRAEDTAVYYCASGYSGYDYFVRGDYYGMDVWGQGTTVTVSS,QLVLTQSPSASASLGASVKLTCTLSSGHSSYAIAWHQQQPEKGPRYLMKLNSDGSHSKGDGIPDRFSGSSSGAERYLTISSLQSEDEADYYCQTWGTGILVFGGGTKLTVL,C118_UCA,Kirby,False,"{'002-S21F2_UCA': 0.3478316373053215, 'Ab_1-20_UCA': 0.6812155322202916, 'Ab_2-15_UCA': 0.47599431818181814, 'C118_UCA': 0.9791799673689437, 'CC12.1_UCA': 0.6775707898658718}"
QVQLVESGGGVVQPGRSLRLSCAASGFTFSSYAMHWVRQAPGKGLEWVAVISYDGSNKYYADSVKGRFTISRDNSKNTLYLQMNSLRAEDTAVYYCASGYSGYDYFVRGDYYGLDVWGQGTTVTVSS|QLVLTQSPSASASLGASVKLTCTLSSGHSSYAIAWHQQQPEKGPRYLMKLNTDGSHSKGDGIPDRFSGSSSGAERYLTISSLQSEDEADYYCQTWGTGILVFGGGTKLTVL,QVQLVESGGGVVQPGRSLRLSCAASGFTFSSYAMHWVRQAPGKGLEWVAVISYDGSNKYYADSVKGRFTISRDNSKNTLYLQMNSLRAEDTAVYYCASGYSGYDYFVRGDYYGLDVWGQGTTVTVSS,QLVLTQSPSASASLGASVKLTCTLSSGHSSYAIAWHQQQPEKGPRYLMKLNTDGSHSKGDGIPDRFSGSSSGAERYLTISSLQSEDEADYYCQTWGTGILVFGGGTKLTVL,59.3020151428263,C118_UCA,0.9915584876214798,2,2,['M114L'],['S52T'],QVQLVESGGGVVQPGRSLRLSCAASGFTFSSYAMHWVRQAPGKGLEWVAVISYDGSNKYYADSVKGRFTISRDNSKNTLYLQMNSLRAEDTAVYYCASGYSGYDYFVRGDYYGMDVWGQGTTVTVSS,QLVLTQSPSASASLGASVKLTCTLSSGHSSYAIAWHQQQPEKGPRYLMKLNSDGSHSKGDGIPDRFSGSSSGAERYLTISSLQSEDEADYYCQTWGTGILVFGGGTKLTVL,C118_UCA,Kirby,False,"{'002-S21F2_UCA': 0.3478316373053215, 'Ab_1-20_UCA': 0.6853138928760294, 'Ab_2-15_UCA': 0.47990056818181814, 'C118_UCA': 0.9915584876214798, 'CC12.1_UCA': 0.6816691505216095}"
QVQLVESGGGVVQPGRSLRLSCAASGFTFSNYAMHWVRQAPGKGLEWVAVISYDGSNKYYADSVKGRFTISRDNSKNTLYLQMNSLRAEDTAVYYCASGYSGYDYFVRGDYYGLDVWGQGTTVTVSS|QPVLTQSPSASASLGASVKLTCTLSSGHSSYAIAWHQQQPEKGPRYLMKLNTDGSHSKGDGIPDRFSGSSSGAERYLTISSLQSEDEADYYCQTWGTGILVFGGGTKLTVL,QVQLVESGGGVVQPGRSLRLSCAASGFTFSNYAMHWVRQAPGKGLEWVAVISYDGSNKYYADSVKGRFTISRDNSKNTLYLQMNSLRAEDTAVYYCASGYSGYDYFVRGDYYGLDVWGQGTTVTVSS,QPVLTQSPSASASLGASVKLTCTLSSGHSSYAIAWHQQQPEKGPRYLMKLNTDGSHSKGDGIPDRFSGSSSGAERYLTISSLQSEDEADYYCQTWGTGILVFGGGTKLTVL,60.96467009670437,C118_UCA,0.9831169752429595,4,4,"['S31N', 'M114L']","['L2P', 'S52T']",QVQLVESGGGVVQPGRSLRLSCAASGFTFSSYAMHWVRQAPGKGLEWVAVISYDGSNKYYADSVKGRFTISRDNSKNTLYLQMNSLRAEDTAVYYCASGYSGYDYFVRGDYYGMDVWGQGTTVTVSS,QLVLTQSPSASASLGASVKLTCTLSSGHSSYAIAWHQQQPEKGPRYLMKLNSDGSHSKGDGIPDRFSGSSSGAERYLTISSLQSEDEADYYCQTWGTGILVFGGGTKLTVL,C118_UCA,Kirby,False,"{'002-S21F2_UCA': 0.3478316373053215, 'Ab_1-20_UCA': 0.6853138928760294, 'Ab_2-15_UCA': 0.47990056818181814, 'C118_UCA': 0.9831169752429595, 'CC12.1_UCA': 0.6816691505216095}"
QVQLVESGGGVVQPGRSLRLSCAASGFTFSNYAMHWVRQAPGKGLEWVAVISYDGSNKYYADSVKGRFTISRDNSKNTLYLQMNSLRAEDTAIYYCASGYSGYDYFVRGDYYGMDVWGQGTTVTVSS|QLVLTQSPSASASLGASVKLTCTLSSGHSSYAIAWHQQQPEKGPRYLMKLNTDGSHSKGDGIPDRFSGSSSGAERYLTISSLQSEDEADYYCQTWGTGILVFGGGTKLTVL,QVQLVESGGGVVQPGRSLRLSCAASGFTFSNYAMHWVRQAPGKGLEWVAVISYDGSNKYYADSVKGRFTISRDNSKNTLYLQMNSLRAEDTAIYYCASGYSGYDYFVRGDYYGMDVWGQGTTVTVSS,QLVLTQSPSASASLGASVKLTCTLSSGHSSYAIAWHQQQPEKGPRYLMKLNTDGSHSKGDGIPDRFSGSSSGAERYLTISSLQSEDEADYYCQTWGTGILVFGGGTKLTVL,67.03137340853021,C118_UCA,0.9876214797474641,3,3,"['S31N', 'V93I']",['S52T'],QVQLVESGGGVVQPGRSLRLSCAASGFTFSSYAMHWVRQAPGKGLEWVAVISYDGSNKYYADSVKGRFTISRDNSKNTLYLQMNSLRAEDTAVYYCASGYSGYDYFVRGDYYGMDVWGQGTTVTVSS,QLVLTQSPSASASLGASVKLTCTLSSGHSSYAIAWHQQQPEKGPRYLMKLNSDGSHSKGDGIPDRFSGSSSGAERYLTISSLQSEDEADYYCQTWGTGILVFGGGTKLTVL,C118_UCA,Kirby,False,"{'002-S21F2_UCA': 0.3478316373053215, 'Ab_1-20_UCA': 0.6853138928760294, 'Ab_2-15_UCA': 0.47599431818181814, 'C118_UCA': 0.9876214797474641, 'CC12.1_UCA': 0.6816691505216095}"
QVQLVESGGGVVQPGRSLRLSCAASGFTFSSYAMHWVRQAPGKGLEWVAVISYDGSNKYYADSVKGRFTISRDNSKNTLYLQMNSLRAEDTAVYYCASGYTGYDYFVRGDYYGLDVWGQGTTVTVSS|QPVLTQSPSASASLGASVKLTCTLSSGHSSYAIAWHQQQPEKGPRYLMKLNTDGSHSKGDGIPDRFSGSSSGAERYLTISSLQSEDEADYYCQTWGTGILVFGGGTKLTVL,QVQLVESGGGVVQPGRSLRLSCAASGFTFSSYAMHWVRQAPGKGLEWVAVISYDGSNKYYADSVKGRFTISRDNSKNTLYLQMNSLRAEDTAVYYCASGYTGYDYFVRGDYYGLDVWGQGTTVTVSS,QPVLTQSPSASASLGASVKLTCTLSSGHSSYAIAWHQQQPEKGPRYLMKLNTDGSHSKGDGIPDRFSGSSSGAERYLTISSLQSEDEADYYCQTWGTGILVFGGGTKLTVL,68.20999999999998,C118_UCA,0.9831169752429595,4,4,"['S101T', 'M114L']","['L2P', 'S52T']",QVQLVESGGGVVQPGRSLRLSCAASGFTFSSYAMHWVRQAPGKGLEWVAVISYDGSNKYYADSVKGRFTISRDNSKNTLYLQMNSLRAEDTAVYYCASGYSGYDYFVRGDYYGMDVWGQGTTVTVSS,QLVLTQSPSASASLGASVKLTCTLSSGHSSYAIAWHQQQPEKGPRYLMKLNSDGSHSKGDGIPDRFSGSSSGAERYLTISSLQSEDEADYYCQTWGTGILVFGGGTKLTVL,C118_UCA,Kirby,False,"{'002-S21F2_UCA': 0.3518802203012729, 'Ab_1-20_UCA': 0.6853138928760294, 'Ab_2-15_UCA': 0.47990056818181814, 'C118_UCA': 0.9831169752429595, 'CC12.1_UCA': 0.6816691505216095}"
QVQLVESGGGVVQPGRSLRLSCAASGFTFSSYAMHWVRQAPGKGLEWVAVISYDGSNKYYADSVKGRFTISRDNSKNTLYLQMNSLRAEDTAIYYCASGYSGYDYFVRGDYYGLDVWGQGTTVTVSS|QLVLTQSPSASASLGASVKLTCTLSSGHSSYAIAWHQQQPEKGPRYLMKLNTDGSHSKGDGIPDRFSGSSSGAERYLTISSLQSEDEADYYCQTWGTGILVFGGGTKLTVL,QVQLVESGGGVVQPGRSLRLSCAASGFTFSSYAMHWVRQAPGKGLEWVAVISYDGSNKYYADSVKGRFTISRDNSKNTLYLQMNSLRAEDTAIYYCASGYSGYDYFVRGDYYGLDVWGQGTTVTVSS,QLVLTQSPSASASLGASVKLTCTLSSGHSSYAIAWHQQQPEKGPRYLMKLNTDGSHSKGDGIPDRFSGSSSGAERYLTISSLQSEDEADYYCQTWGTGILVFGGGTKLTVL,68.74670610291085,C118_UCA,0.9876214797474641,3,3,"['V93I', 'M114L']",['S52T'],QVQLVESGGGVVQPGRSLRLSCAASGFTFSSYAMHWVRQAPGKGLEWVAVISYDGSNKYYADSVKGRFTISRDNSKNTLYLQMNSLRAEDTAVYYCASGYSGYDYFVRGDYYGMDVWGQGTTVTVSS,QLVLTQSPSASASLGASVKLTCTLSSGHSSYAIAWHQQQPEKGPRYLMKLNSDGSHSKGDGIPDRFSGSSSGAERYLTISSLQSEDEADYYCQTWGTGILVFGGGTKLTVL,C118_UCA,Kirby,False,"{'002-S21F2_UCA': 0.3478316373053215, 'Ab_1-20_UCA': 0.6812155322202916, 'Ab_2-15_UCA': 0.47599431818181814, 'C118_UCA': 0.9876214797474641, 'CC12.1_UCA': 0.6775707898658718}"
QVQLVESGGGVVQPGRSLRLSCAASGFTFSNYAMHWVRQAPGKGLEWVAVISYDGSNKYYADSVKGRFTISRDNSKNTLYLQMNSLRAEDTAIYYCASGYSGYDYFVRGDYYGMDVWGQGTTVTVSS|QPVLTQSPSASASLGASVKLTCTLSSGHSSYAIAWHQQQPEKGPRYLMKLNSDGSHSKGDGIPDRFSGSSSGAERYLTISSLQSEDEADYYCQTWGTGILVFGGGTKLTVL,QVQLVESGGGVVQPGRSLRLSCAASGFTFSNYAMHWVRQAPGKGLEWVAVISYDGSNKYYADSVKGRFTISRDNSKNTLYLQMNSLRAEDTAIYYCASGYSGYDYFVRGDYYGMDVWGQGTTVTVSS,QPVLTQSPSASASLGASVKLTCTLSSGHSSYAIAWHQQQPEKGPRYLMKLNSDGSHSKGDGIPDRFSGSSSGAERYLTISSLQSEDEADYYCQTWGTGILVFGGGTKLTVL,68.78752721242421,C118_UCA,0.9876214797474641,3,3,"['S31N', 'V93I']",['L2P'],QVQLVESGGGVVQPGRSLRLSCAASGFTFSSYAMHWVRQAPGKGLEWVAVISYDGSNKYYADSVKGRFTISRDNSKNTLYLQMNSLRAEDTAVYYCASGYSGYDYFVRGDYYGMDVWGQGTTVTVSS,QLVLTQSPSASASLGASVKLTCTLSSGHSSYAIAWHQQQPEKGPRYLMKLNSDGSHSKGDGIPDRFSGSSSGAERYLTISSLQSEDEADYYCQTWGTGILVFGGGTKLTVL,C118_UCA,Kirby,False,"{'002-S21F2_UCA': 0.35233614180982603, 'Ab_1-20_UCA': 0.6853138928760294, 'Ab_2-15_UCA': 0.47599431818181814, 'C118_UCA': 0.9876214797474641, 'CC12.1_UCA': 0.6816691505216095}"
QVQLVESGGGVVQPGRSLRLSCAASGFTFSNYAMHWVRQAPGKGLEWVAVISYDGSNKYYADSVKGRFTISRDNSKNTLYLQMNSLRAEDTAVYYCASGYSGYDYFVRGDYYGMDVWGQGTTVTVSS|QLVLTQSPSASASLGASVKLTCTLSSGHSSYAIAWHQQQPEKGPRYLMKLNSDGSHSKGDGIPDRFSGSSSGAERYLTISSLQSEDEADYYCQTWGTGILVFGGGTKLTVL,QVQLVESGGGVVQPGRSLRLSCAASGFTFSNYAMHWVRQAPGKGLEWVAVISYDGSNKYYADSVKGRFTISRDNSKNTLYLQMNSLRAEDTAVYYCASGYSGYDYFVRGDYYGMDVWGQGTTVTVSS,QLVLTQSPSASASLGASVKLTCTLSSGHSSYAIAWHQQQPEKGPRYLMKLNSDGSHSKGDGIPDRFSGSSSGAERYLTISSLQSEDEADYYCQTWGTGILVFGGGTKLTVL,68.93787130453043,C118_UCA,0.9960629921259843,1,1,['S31N'],[],QVQLVESGGGVVQPGRSLRLSCAASGFTFSSYAMHWVRQAPGKGLEWVAVISYDGSNKYYADSVKGRFTISRDNSKNTLYLQMNSLRAEDTAVYYCASGYSGYDYFVRGDYYGMDVWGQGTTVTVSS,QLVLTQSPSASASLGASVKLTCTLSSGHSSYAIAWHQQQPEKGPRYLMKLNSDGSHSKGDGIPDRFSGSSSGAERYLTISSLQSEDEADYYCQTWGTGILVFGGGTKLTVL,C118_UCA,Kirby,False,"{'002-S21F2_UCA': 0.35233614180982603, 'Ab_1-20_UCA': 0.689412253531767, 'Ab_2-15_UCA': 0.47990056818181814, 'C118_UCA': 0.9960629921259843, 'CC12.1_UCA': 0.6857675111773472}"
QVQLVESGGGVVQPGRSLRLSCAASGFTFSNYAMHWVRQAPGKGLEWVAVISYDGSNKYYADSVKGRFTISRDNSKNTLYLQMNSLRAEDTAVYYCASGYSGYDYFVRGDYYGMDVWGQGTTVTVSS|QPVLTQSPSASASLGASVKLTCTLSSGHSSYAIAWHQQQPEKGPRYLMKLNSDGSHSKGDGIPDRFSGSSSGAERYLTISSLQSEDEADYYCQTWGTGILVFGGGTKLTVL,QVQLVESGGGVVQPGRSLRLSCAASGFTFSNYAMHWVRQAPGKGLEWVAVISYDGSNKYYADSVKGRFTISRDNSKNTLYLQMNSLRAEDTAVYYCASGYSGYDYFVRGDYYGMDVWGQGTTVTVSS,QPVLTQSPSASASLGASVKLTCTLSSGHSSYAIAWHQQQPEKGPRYLMKLNSDGSHSKGDGIPDRFSGSSSGAERYLTISSLQSEDEADYYCQTWGTGILVFGGGTKLTVL,69.01631111556165,C118_UCA,0.9915584876214798,2,2,['S31N'],['L2P'],QVQLVESGGGVVQPGRSLRLSCAASGFTFSSYAMHWVRQAPGKGLEWVAVISYDGSNKYYADSVKGRFTISRDNSKNTLYLQMNSLRAEDTAVYYCASGYSGYDYFVRGDYYGMDVWGQGTTVTVSS,QLVLTQSPSASASLGASVKLTCTLSSGHSSYAIAWHQQQPEKGPRYLMKLNSDGSHSKGDGIPDRFSGSSSGAERYLTISSLQSEDEADYYCQTWGTGILVFGGGTKLTVL,C118_UCA,Kirby,False,"{'002-S21F2_UCA': 0.35233614180982603, 'Ab_1-20_UCA': 0.689412253531767, 'Ab_2-15_UCA': 0.47990056818181814, 'C118_UCA': 0.9915584876214798, 'CC12.1_UCA': 0.6857675111773472}"
QVQLVESGGGVVQPGRSLRLSCAASGFTFSSYAMHWVRQAPGKGLEWVAVISYDGSNKYYADSVKGRFTISRDNSKNTLYLQMNSLRAEDTAIYYCASGYSGYDYFVRGDYYGLDVWGQGTTVTVSS|QPVLTQSPSASASLGASVKLTCTLSSGHSSYAIAWHQQQPEKGPRYLMKLNTDGSHSKGDGIPDRFSGSSSGAERYLTISSLQSEDEADYYCQTWGTGILVFGGGTKLTVL,QVQLVESGGGVVQPGRSLRLSCAASGFTFSSYAMHWVRQAPGKGLEWVAVISYDGSNKYYADSVKGRFTISRDNSKNTLYLQMNSLRAEDTAIYYCASGYSGYDYFVRGDYYGLDVWGQGTTVTVSS,QPVLTQSPSASASLGASVKLTCTLSSGHSSYAIAWHQQQPEKGPRYLMKLNTDGSHSKGDGIPDRFSGSSSGAERYLTISSLQSEDEADYYCQTWGTGILVFGGGTKLTVL,69.16841041978627,C118_UCA,0.9831169752429595,4,4,"['V93I', 'M114L']","['L2P', 'S52T']",QVQLVESGGGVVQPGRSLRLSCAASGFTFSSYAMHWVRQAPGKGLEWVAVISYDGSNKYYADSVKGRFTISRDNSKNTLYLQMNSLRAEDTAVYYCASGYSGYDYFVRGDYYGMDVWGQGTTVTVSS,QLVLTQSPSASASLGASVKLTCTLSSGHSSYAIAWHQQQPEKGPRYLMKLNSDGSHSKGDGIPDRFSGSSSGAERYLTISSLQSEDEADYYCQTWGTGILVFGGGTKLTVL,C118_UCA,Kirby,False,"{'002-S21F2_UCA': 0.3478316373053215, 'Ab_1-20_UCA': 0.6812155322202916, 'Ab_2-15_UCA': 0.47599431818181814, 'C118_UCA': 0.9831169752429595, 'CC12.1_UCA': 0.6775707898658718}"
QVQLVESGGGVVQPGRSLRLSCAASGFTFSNYAMHWVRQAPGKGLEWVAVISYDGSNKYYADSVKGRFTISRDNSKNTLYLQMNSLRAEDTAVYYCASGYSGYDYFVRGDYYGMDVWGQGTTVTVSS|QLVLTQSPSASASLGASVKLTCTLSSGHSSYAIAWHQQQPEKGPRYLMKLNTDGSHSKGDGIPDRFSGSSSGAERYLTISSLQSEDEADYYCQTWGTGILVFGGGTKLTVL,QVQLVESGGGVVQPGRSLRLSCAASGFTFSNYAMHWVRQAPGKGLEWVAVISYDGSNKYYADSVKGRFTISRDNSKNTLYLQMNSLRAEDTAVYYCASGYSGYDYFVRGDYYGMDVWGQGTTVTVSS,QLVLTQSPSASASLGASVKLTCTLSSGHSSYAIAWHQQQPEKGPRYLMKLNTDGSHSKGDGIPDRFSGSSSGAERYLTISSLQSEDEADYYCQTWGTGILVFGGGTKLTVL,69.17837162003742,C118_UCA,0.9915584876214798,2,2,['S31N'],['S52T'],QVQLVESGGGVVQPGRSLRLSCAASGFTFSSYAMHWVRQAPGKGLEWVAVISYDGSNKYYADSVKGRFTISRDNSKNTLYLQMNSLRAEDTAVYYCASGYSGYDYFVRGDYYGMDVWGQGTTVTVSS,QLVLTQSPSASASLGASVKLTCTLSSGHSSYAIAWHQQQPEKGPRYLMKLNSDGSHSKGDGIPDRFSGSSSGAERYLTISSLQSEDEADYYCQTWGTGILVFGGGTKLTVL,C118_UCA,Kirby,False,"{'002-S21F2_UCA': 0.3478316373053215, 'Ab_1-20_UCA': 0.689412253531767, 'Ab_2-15_UCA': 0.47990056818181814, 'C118_UCA': 0.9915584876214798, 'CC12.1_UCA': 0.6857675111773472}"
QVQLVESGGGVVQPGRSLRLSCAASGFTFSNYAMHWVRQAPGKGLEWVAVISYDGSNKYYADSVKGRFTISRDNSKNTLYLQMNSLRAEDTAIYYCASGYSGYDYFVRGDYYGMDVWGQGTTVTVSS|QLVLTQSPSASASLGASVKLTCTLSSGHSSYAIAWHQQQPEKGPRYLMKLNSDGSHSKGDGIPDRFSGSSSGAERYLTISSLQSEDEADYYCQTWGTGILVFGGGTKLTVL,QVQLVESGGGVVQPGRSLRLSCAASGFTFSNYAMHWVRQAPGKGLEWVAVISYDGSNKYYADSVKGRFTISRDNSKNTLYLQMNSLRAEDTAIYYCASGYSGYDYFVRGDYYGMDVWGQGTTVTVSS,QLVLTQSPSASASLGASVKLTCTLSSGHSSYAIAWHQQQPEKGPRYLMKLNSDGSHSKGDGIPDRFSGSSSGAERYLTISSLQSEDEADYYCQTWGTGILVFGGGTKLTVL,71.47030389140504,C118_UCA,0.9921259842519685,2,2,"['S31N', 'V93I']",[],QVQLVESGGGVVQPGRSLRLSCAASGFTFSSYAMHWVRQAPGKGLEWVAVISYDGSNKYYADSVKGRFTISRDNSKNTLYLQMNSLRAEDTAVYYCASGYSGYDYFVRGDYYGMDVWGQGTTVTVSS,QLVLTQSPSASASLGASVKLTCTLSSGHSSYAIAWHQQQPEKGPRYLMKLNSDGSHSKGDGIPDRFSGSSSGAERYLTISSLQSEDEADYYCQTWGTGILVFGGGTKLTVL,C118_UCA,Kirby,False,"{'002-S21F2_UCA': 0.35233614180982603, 'Ab_1-20_UCA': 0.6853138928760294, 'Ab_2-15_UCA': 0.47599431818181814, 'C118_UCA': 0.9921259842519685, 'CC12.1_UCA': 0.6816691505216095}"
QVQLVESGGGVVQPGRSLRLSCAASGFTFSNYAMHWVRQAPGKGLEWVAVISYDGSNKYYADSVKGRFTISRDNSKNTLYLQMNSLRAEDTAVYYCASGYTGYDYFVRGDYYGLDVWGQGTTVTVSS|QLVLTQSPSASASLGASVKLTCTLSSGHSSYAIAWHQQQPEKGPRYLMKLNSDGSHSKGDGIPDRFSGSSSGAERYLTISSLQSEDEADYYCQTWGTGILVFGGGTKLTVL,QVQLVESGGGVVQPGRSLRLSCAASGFTFSNYAMHWVRQAPGKGLEWVAVISYDGSNKYYADSVKGRFTISRDNSKNTLYLQMNSLRAEDTAVYYCASGYTGYDYFVRGDYYGLDVWGQGTTVTVSS,QLVLTQSPSASASLGASVKLTCTLSSGHSSYAIAWHQQQPEKGPRYLMKLNSDGSHSKGDGIPDRFSGSSSGAERYLTISSLQSEDEADYYCQTWGTGILVFGGGTKLTVL,71.69000000000001,C118_UCA,0.9881889763779528,3,3,"['S31N', 'S101T', 'M114L']",[],QVQLVESGGGVVQPGRSLRLSCAASGFTFSSYAMHWVRQAPGKGLEWVAVISYDGSNKYYADSVKGRFTISRDNSKNTLYLQMNSLRAEDTAVYYCASGYSGYDYFVRGDYYGMDVWGQGTTVTVSS,QLVLTQSPSASASLGASVKLTCTLSSGHSSYAIAWHQQQPEKGPRYLMKLNSDGSHSKGDGIPDRFSGSSSGAERYLTISSLQSEDEADYYCQTWGTGILVFGGGTKLTVL,C118_UCA,Kirby,False,"{'002-S21F2_UCA': 0.35638472480577743, 'Ab_1-20_UCA': 0.6853138928760294, 'Ab_2-15_UCA': 0.47990056818181814, 'C118_UCA': 0.9881889763779528, 'CC12.1_UCA': 0.6816691505216095}"
QVQLVESGGGVVQPGRSLRLSCAASGFTFSSYAMHWVRQAPGKGLEWVAVISYDGSNKYYADSVKGRFTISRDNSKNTLYLQMNSLRAEDTAVYYCASGYSGYDYFVRGDYYGLDVWGQGTTVTVSS|QLVLTQSPSASASLGASVKLTCTLSSGHSSYAIAWHQQQPEKGPRYLMKLNSDGSHSKGDGIPDRFSGSSSGAERYLTISSLQSEDEADYYCQTWGTGILVFGGGTKLTVL,QVQLVESGGGVVQPGRSLRLSCAASGFTFSSYAMHWVRQAPGKGLEWVAVISYDGSNKYYADSVKGRFTISRDNSKNTLYLQMNSLRAEDTAVYYCASGYSGYDYFVRGDYYGLDVWGQGTTVTVSS,QLVLTQSPSASASLGASVKLTCTLSSGHSSYAIAWHQQQPEKGPRYLMKLNSDGSHSKGDGIPDRFSGSSSGAERYLTISSLQSEDEADYYCQTWGTGILVFGGGTKLTVL,73.44,C118_UCA,0.9960629921259843,1,1,['M114L'],[],QVQLVESGGGVVQPGRSLRLSCAASGFTFSSYAMHWVRQAPGKGLEWVAVISYDGSNKYYADSVKGRFTISRDNSKNTLYLQMNSLRAEDTAVYYCASGYSGYDYFVRGDYYGMDVWGQGTTVTVSS,QLVLTQSPSASASLGASVKLTCTLSSGHSSYAIAWHQQQPEKGPRYLMKLNSDGSHSKGDGIPDRFSGSSSGAERYLTISSLQSEDEADYYCQTWGTGILVFGGGTKLTVL,C118_UCA,Kirby,False,"{'002-S21F2_UCA': 0.35233614180982603, 'Ab_1-20_UCA': 0.6853138928760294, 'Ab_2-15_UCA': 0.47990056818181814, 'C118_UCA': 0.9960629921259843, 'CC12.1_UCA': 0.6816691505216095}"
QVQLVESGGGVVQPGRSLRLSCAASGFTFSNYAMHWVRQAPGKGLEWVAVISYDGSNKYYADSVKGRFTISRDNSKNTLYLQMNSLRAEDTAVYYCASGYSGYDYFVRGDYYGMDVWGQGTTVTVSS|QPVLTQSPSASASLGASVKLTCTLSSGHSSYAIAWHQQQPEKGPRYLMKLNTDGSHSKGDGIPDRFSGSSSGAERYLTISSLQSEDEADYYCQTWGTGILVFGGGTKLTVL,QVQLVESGGGVVQPGRSLRLSCAASGFTFSNYAMHWVRQAPGKGLEWVAVISYDGSNKYYADSVKGRFTISRDNSKNTLYLQMNSLRAEDTAVYYCASGYSGYDYFVRGDYYGMDVWGQGTTVTVSS,QPVLTQSPSASASLGASVKLTCTLSSGHSSYAIAWHQQQPEKGPRYLMKLNTDGSHSKGDGIPDRFSGSSSGAERYLTISSLQSEDEADYYCQTWGTGILVFGGGTKLTVL,73.73838891649314,C118_UCA,0.9870539831169752,3,3,['S31N'],"['L2P', 'S52T']",QVQLVESGGGVVQPGRSLRLSCAASGFTFSSYAMHWVRQAPGKGLEWVAVISYDGSNKYYADSVKGRFTISRDNSKNTLYLQMNSLRAEDTAVYYCASGYSGYDYFVRGDYYGMDVWGQGTTVTVSS,QLVLTQSPSASASLGASVKLTCTLSSGHSSYAIAWHQQQPEKGPRYLMKLNSDGSHSKGDGIPDRFSGSSSGAERYLTISSLQSEDEADYYCQTWGTGILVFGGGTKLTVL,C118_UCA,Kirby,False,"{'002-S21F2_UCA': 0.3478316373053215, 'Ab_1-20_UCA': 0.689412253531767, 'Ab_2-15_UCA': 0.47990056818181814, 'C118_UCA': 0.9870539831169752, 'CC12.1_UCA': 0.6857675111773472}"
QVQLVESGGGVVQPGRSLRLSCAASGFTFSSYAMHWVRQAPGKGLEWVAVISYDGSNKYYADSVKGRFTISRDNSKNTLYLQMNSLRAEDTAVYYCASGYSGYDYFVRGDYYGLDVWGQGTTVTVSS|QPVLTQSPSASASLGASVKLTCTLSSGHSSYAIAWHQQQPEKGPRYLMKLNTDGSHSKGDGIPDRFSGSSSGAERYLTISSLQSEDEADYYCQTWGTGILVFGGGTKLTVL,QVQLVESGGGVVQPGRSLRLSCAASGFTFSSYAMHWVRQAPGKGLEWVAVISYDGSNKYYADSVKGRFTISRDNSKNTLYLQMNSLRAEDTAVYYCASGYSGYDYFVRGDYYGLDVWGQGTTVTVSS,QPVLTQSPSASASLGASVKLTCTLSSGHSSYAIAWHQQQPEKGPRYLMKLNTDGSHSKGDGIPDRFSGSSSGAERYLTISSLQSEDEADYYCQTWGTGILVFGGGTKLTVL,74.29,C118_UCA,0.9870539831169752,3,3,['M114L'],"['L2P', 'S52T']",QVQLVESGGGVVQPGRSLRLSCAASGFTFSSYAMHWVRQAPGKGLEWVAVISYDGSNKYYADSVKGRFTISRDNSKNTLYLQMNSLRAEDTAVYYCASGYSGYDYFVRGDYYGMDVWGQGTTVTVSS,QLVLTQSPSASASLGASVKLTCTLSSGHSSYAIAWHQQQPEKGPRYLMKLNSDGSHSKGDGIPDRFSGSSSGAERYLTISSLQSEDEADYYCQTWGTGILVFGGGTKLTVL,C118_UCA,Kirby,False,"{'002-S21F2_UCA': 0.3478316373053215, 'Ab_1-20_UCA': 0.6853138928760294, 'Ab_2-15_UCA': 0.47990056818181814, 'C118_UCA': 0.9870539831169752, 'CC12.1_UCA': 0.6816691505216095}"
QVQLVESGGGVVQPGRSLRLSCAASGFTFSSYAMHWVRQAPGKGLEWVAVISYDGSNKYYADSVKGRFTISRDNSKNTLYLQMNSLRAEDTAIYYCASGYSGYDYFVRGDYYGLDVWGQGTTVTVSS|QLVLTQSPSASASLGASVKLTCTLSSGHSSYAIAWHQQQPEKGPRYLMKLNSDGSHSKGDGIPDRFSGSSSGAERYLTISSLQSEDEADYYCQTWGTGILVFGGGTKLTVL,QVQLVESGGGVVQPGRSLRLSCAASGFTFSSYAMHWVRQAPGKGLEWVAVISYDGSNKYYADSVKGRFTISRDNSKNTLYLQMNSLRAEDTAIYYCASGYSGYDYFVRGDYYGLDVWGQGTTVTVSS,QLVLTQSPSASASLGASVKLTCTLSSGHSSYAIAWHQQQPEKGPRYLMKLNSDGSHSKGDGIPDRFSGSSSGAERYLTISSLQSEDEADYYCQTWGTGILVFGGGTKLTVL,77.32903723699135,C118_UCA,0.9921259842519685,2,2,"['V93I', 'M114L']",[],QVQLVESGGGVVQPGRSLRLSCAASGFTFSSYAMHWVRQAPGKGLEWVAVISYDGSNKYYADSVKGRFTISRDNSKNTLYLQMNSLRAEDTAVYYCASGYSGYDYFVRGDYYGMDVWGQGTTVTVSS,QLVLTQSPSASASLGASVKLTCTLSSGHSSYAIAWHQQQPEKGPRYLMKLNSDGSHSKGDGIPDRFSGSSSGAERYLTISSLQSEDEADYYCQTWGTGILVFGGGTKLTVL,C118_UCA,Kirby,False,"{'002-S21F2_UCA': 0.35233614180982603, 'Ab_1-20_UCA': 0.6812155322202916, 'Ab_2-15_UCA': 0.47599431818181814, 'C118_UCA': 0.9921259842519685, 'CC12.1_UCA': 0.6775707898658718}"
QVQLVESGGGVVQPGRSLRLSCAASGFTFSNYAMHWVRQAPGKGLEWVAVISYDGSNKYYADSVKGRFTISRDNSKNTLYLQMNSLRAEDTAIYYCASGYSGYDYFVRGDYYGMDVWGQGTTVTVSS|QPVLTQSPSASASLGASVKLTCTLSSGHSSYAIAWHQQQPEKGPRYLMKLNTDGSHSKGDGIPDRFSGSSSGAERYLTISSLQSEDEADYYCQTWGTGILVFGGGTKLTVL,QVQLVESGGGVVQPGRSLRLSCAASGFTFSNYAMHWVRQAPGKGLEWVAVISYDGSNKYYADSVKGRFTISRDNSKNTLYLQMNSLRAEDTAIYYCASGYSGYDYFVRGDYYGMDVWGQGTTVTVSS,QPVLTQSPSASASLGASVKLTCTLSSGHSSYAIAWHQQQPEKGPRYLMKLNTDGSHSKGDGIPDRFSGSSSGAERYLTISSLQSEDEADYYCQTWGTGILVFGGGTKLTVL,78.29208816194334,C118_UCA,0.9831169752429595,4,4,"['S31N', 'V93I']","['L2P', 'S52T']",QVQLVESGGGVVQPGRSLRLSCAASGFTFSSYAMHWVRQAPGKGLEWVAVISYDGSNKYYADSVKGRFTISRDNSKNTLYLQMNSLRAEDTAVYYCASGYSGYDYFVRGDYYGMDVWGQGTTVTVSS,QLVLTQSPSASASLGASVKLTCTLSSGHSSYAIAWHQQQPEKGPRYLMKLNSDGSHSKGDGIPDRFSGSSSGAERYLTISSLQSEDEADYYCQTWGTGILVFGGGTKLTVL,C118_UCA,Kirby,False,"{'002-S21F2_UCA': 0.3478316373053215, 'Ab_1-20_UCA': 0.6853138928760294, 'Ab_2-15_UCA': 0.47599431818181814, 'C118_UCA': 0.9831169752429595, 'CC12.1_UCA': 0.6816691505216095}"
QVQLVESGGGVVQPGRSLRLSCAASGFTFSSYAMHWVRQAPGKGLEWVAVISYDGSNKYYADSVKGRFTISRDNSKNTLYLQMNSLRAEDTAIYYCASGYSGYDYFVRGDYYGLDVWGQGTTVTVSS|QPVLTQSPSASASLGASVKLTCTLSSGHSSYAIAWHQQQPEKGPRYLMKLNSDGSHSKGDGIPDRFSGSSSGAERYLTISSLQSEDEADYYCQTWGTGILVFGGGTKLTVL,QVQLVESGGGVVQPGRSLRLSCAASGFTFSSYAMHWVRQAPGKGLEWVAVISYDGSNKYYADSVKGRFTISRDNSKNTLYLQMNSLRAEDTAIYYCASGYSGYDYFVRGDYYGLDVWGQGTTVTVSS,QPVLTQSPSASASLGASVKLTCTLSSGHSSYAIAWHQQQPEKGPRYLMKLNSDGSHSKGDGIPDRFSGSSSGAERYLTISSLQSEDEADYYCQTWGTGILVFGGGTKLTVL,91.27944939808016,C118_UCA,0.9876214797474641,3,3,"['V93I', 'M114L']",['L2P'],QVQLVESGGGVVQPGRSLRLSCAASGFTFSSYAMHWVRQAPGKGLEWVAVISYDGSNKYYADSVKGRFTISRDNSKNTLYLQMNSLRAEDTAVYYCASGYSGYDYFVRGDYYGMDVWGQGTTVTVSS,QLVLTQSPSASASLGASVKLTCTLSSGHSSYAIAWHQQQPEKGPRYLMKLNSDGSHSKGDGIPDRFSGSSSGAERYLTISSLQSEDEADYYCQTWGTGILVFGGGTKLTVL,C118_UCA,Kirby,False,"{'002-S21F2_UCA': 0.35233614180982603, 'Ab_1-20_UCA': 0.6812155322202916, 'Ab_2-15_UCA': 0.47599431818181814, 'C118_UCA': 0.9876214797474641, 'CC12.1_UCA': 0.6775707898658718}"
QVQLVESGGGVVQPGRSLRLSCAASGFTFSSYAMHWVRQAPGKGLEWVAVISYDGSNKYYADSVKGRFTISRDNSKNTLYLQMNSLRAEDTAVYYCASGYSGYDYFVRGDYYGLDVWGQGTTVTVSS|QPVLTQSPSASASLGASVKLTCTLSSGHSSYAIAWHQQQPEKGPRYLMKLNSDGSHSKGDGIPDRFSGSSSGAERYLTISSLQSEDEADYYCQTWGTGILVFGGGTKLTVL,QVQLVESGGGVVQPGRSLRLSCAASGFTFSSYAMHWVRQAPGKGLEWVAVISYDGSNKYYADSVKGRFTISRDNSKNTLYLQMNSLRAEDTAVYYCASGYSGYDYFVRGDYYGLDVWGQGTTVTVSS,QPVLTQSPSASASLGASVKLTCTLSSGHSSYAIAWHQQQPEKGPRYLMKLNSDGSHSKGDGIPDRFSGSSSGAERYLTISSLQSEDEADYYCQTWGTGILVFGGGTKLTVL,94.32036789580496,C118_UCA,0.9915584876214798,2,2,['M114L'],['L2P'],QVQLVESGGGVVQPGRSLRLSCAASGFTFSSYAMHWVRQAPGKGLEWVAVISYDGSNKYYADSVKGRFTISRDNSKNTLYLQMNSLRAEDTAVYYCASGYSGYDYFVRGDYYGMDVWGQGTTVTVSS,QLVLTQSPSASASLGASVKLTCTLSSGHSSYAIAWHQQQPEKGPRYLMKLNSDGSHSKGDGIPDRFSGSSSGAERYLTISSLQSEDEADYYCQTWGTGILVFGGGTKLTVL,C118_UCA,Kirby,False,"{'002-S21F2_UCA': 0.35233614180982603, 'Ab_1-20_UCA': 0.6853138928760294, 'Ab_2-15_UCA': 0.47990056818181814, 'C118_UCA': 0.9915584876214798, 'CC12.1_UCA': 0.6816691505216095}"
QVQLVESGGGVVQPGRSLRLSCAASGFTFSSYAMHWVRQAPGKGLEWVAVISYDGSNKYYADSVKGRFTISRDNSKNTLYLQMNSLRAEDTAVYYCASGYSGYDYFVRGDYYGMDVWGQGTTVTVSS|QPVLTQSPSASASLGASVKLTCTLSSGHSSYAIAWHQQQPEKGPRYLMKLNTDGSHSKGDGIPDRFSGSSSGAERYLTISSLQSEDEADYYCQTWGTGILVFGGGTKLTVL,QVQLVESGGGVVQPGRSLRLSCAASGFTFSSYAMHWVRQAPGKGLEWVAVISYDGSNKYYADSVKGRFTISRDNSKNTLYLQMNSLRAEDTAVYYCASGYSGYDYFVRGDYYGMDVWGQGTTVTVSS,QPVLTQSPSASASLGASVKLTCTLSSGHSSYAIAWHQQQPEKGPRYLMKLNTDGSHSKGDGIPDRFSGSSSGAERYLTISSLQSEDEADYYCQTWGTGILVFGGGTKLTVL,141.86788149542522,C118_UCA,0.990990990990991,2,2,[],"['L2P', 'S52T']",QVQLVESGGGVVQPGRSLRLSCAASGFTFSSYAMHWVRQAPGKGLEWVAVISYDGSNKYYADSVKGRFTISRDNSKNTLYLQMNSLRAEDTAVYYCASGYSGYDYFVRGDYYGMDVWGQGTTVTVSS,QLVLTQSPSASASLGASVKLTCTLSSGHSSYAIAWHQQQPEKGPRYLMKLNSDGSHSKGDGIPDRFSGSSSGAERYLTISSLQSEDEADYYCQTWGTGILVFGGGTKLTVL,C118_UCA,Kirby,False,"{'002-S21F2_UCA': 0.3478316373053215, 'Ab_1-20_UCA': 0.689412253531767, 'Ab_2-15_UCA': 0.47990056818181814, 'C118_UCA': 0.990990990990991, 'CC12.1_UCA': 0.6857675111773472}"
QVQLVESGGGVVQPGRSLRLSCAASGFTFSSYAMHWVRQAPGKGLEWVAVISYDGSNKYYADSVKGRFTISRDNSKNTLYLQMNSLRAEDTAIYYCASGYSGYDYFVRGDYYGMDVWGQGTTVTVSS|QPVLTQSPSASASLGASVKLTCTLSSGHSSYAIAWHQQQPEKGPRYLMKLNTDGSHSKGDGIPDRFSGSSSGAERYLTISSLQSEDEADYYCQTWGTGILVFGGGTKLTVL,QVQLVESGGGVVQPGRSLRLSCAASGFTFSSYAMHWVRQAPGKGLEWVAVISYDGSNKYYADSVKGRFTISRDNSKNTLYLQMNSLRAEDTAIYYCASGYSGYDYFVRGDYYGMDVWGQGTTVTVSS,QPVLTQSPSASASLGASVKLTCTLSSGHSSYAIAWHQQQPEKGPRYLMKLNTDGSHSKGDGIPDRFSGSSSGAERYLTISSLQSEDEADYYCQTWGTGILVFGGGTKLTVL,144.9476408914611,C118_UCA,0.9870539831169752,3,3,['V93I'],"['L2P', 'S52T']",QVQLVESGGGVVQPGRSLRLSCAASGFTFSSYAMHWVRQAPGKGLEWVAVISYDGSNKYYADSVKGRFTISRDNSKNTLYLQMNSLRAEDTAVYYCASGYSGYDYFVRGDYYGMDVWGQGTTVTVSS,QLVLTQSPSASASLGASVKLTCTLSSGHSSYAIAWHQQQPEKGPRYLMKLNSDGSHSKGDGIPDRFSGSSSGAERYLTISSLQSEDEADYYCQTWGTGILVFGGGTKLTVL,C118_UCA,Kirby,False,"{'002-S21F2_UCA': 0.3478316373053215, 'Ab_1-20_UCA': 0.6853138928760294, 'Ab_2-15_UCA': 0.47599431818181814, 'C118_UCA': 0.9870539831169752, 'CC12.1_UCA': 0.6816691505216095}"
QVQLVESGGGVVQPGRSLRLSCAASGFTFSSYAMHWVRQAPGKGLEWVAVISYDGSNKYYADSVKGRFTISRDNSKNTLYLQMNSLRAEDTAVYYCASGYSGYDYFVRGDYYGMDVWGQGTTVTVSS|QLVLTQSPSASASLGASVKLTCTLSSGHSSYAIAWHQQQPEKGPRYLMKLNSDGSHSKGDGIPDRFSGSSSGAERYLTISSLQSEDEADYYCQTWGTGILVFGGGTKLTVL,QVQLVESGGGVVQPGRSLRLSCAASGFTFSSYAMHWVRQAPGKGLEWVAVISYDGSNKYYADSVKGRFTISRDNSKNTLYLQMNSLRAEDTAVYYCASGYSGYDYFVRGDYYGMDVWGQGTTVTVSS,QLVLTQSPSASASLGASVKLTCTLSSGHSSYAIAWHQQQPEKGPRYLMKLNSDGSHSKGDGIPDRFSGSSSGAERYLTISSLQSEDEADYYCQTWGTGILVFGGGTKLTVL,166.87999999999994,C118_UCA,1.0,0,0,[],[],QVQLVESGGGVVQPGRSLRLSCAASGFTFSSYAMHWVRQAPGKGLEWVAVISYDGSNKYYADSVKGRFTISRDNSKNTLYLQMNSLRAEDTAVYYCASGYSGYDYFVRGDYYGMDVWGQGTTVTVSS,QLVLTQSPSASASLGASVKLTCTLSSGHSSYAIAWHQQQPEKGPRYLMKLNSDGSHSKGDGIPDRFSGSSSGAERYLTISSLQSEDEADYYCQTWGTGILVFGGGTKLTVL,C118_UCA,Kirby,False,"{'002-S21F2_UCA': 0.35233614180982603, 'Ab_1-20_UCA': 0.689412253531767, 'Ab_2-15_UCA': 0.47990056818181814, 'C118_UCA': 1.0, 'CC12.1_UCA': 0.6857675111773472}"
QVQLVESGGGVVQPGRSLRLSCAASGFTFSSYAMHWVRQAPGKGLEWVAVISYDGSNKYYADSVKGRFTISRDNSKNTLYLQMNSLRAEDTAIYYCASGYSGYDYFVRGDYYGMDVWGQGTTVTVSS|QLVLTQSPSASASLGASVKLTCTLSSGHSSYAIAWHQQQPEKGPRYLMKLNTDGSHSKGDGIPDRFSGSSSGAERYLTISSLQSEDEADYYCQTWGTGILVFGGGTKLTVL,QVQLVESGGGVVQPGRSLRLSCAASGFTFSSYAMHWVRQAPGKGLEWVAVISYDGSNKYYADSVKGRFTISRDNSKNTLYLQMNSLRAEDTAIYYCASGYSGYDYFVRGDYYGMDVWGQGTTVTVSS,QLVLTQSPSASASLGASVKLTCTLSSGHSSYAIAWHQQQPEKGPRYLMKLNTDGSHSKGDGIPDRFSGSSSGAERYLTISSLQSEDEADYYCQTWGTGILVFGGGTKLTVL,185.80999999999992,C118_UCA,0.9915584876214798,2,2,['V93I'],['S52T'],QVQLVESGGGVVQPGRSLRLSCAASGFTFSSYAMHWVRQAPGKGLEWVAVISYDGSNKYYADSVKGRFTISRDNSKNTLYLQMNSLRAEDTAVYYCASGYSGYDYFVRGDYYGMDVWGQGTTVTVSS,QLVLTQSPSASASLGASVKLTCTLSSGHSSYAIAWHQQQPEKGPRYLMKLNSDGSHSKGDGIPDRFSGSSSGAERYLTISSLQSEDEADYYCQTWGTGILVFGGGTKLTVL,C118_UCA,Kirby,False,"{'002-S21F2_UCA': 0.3478316373053215, 'Ab_1-20_UCA': 0.6853138928760294, 'Ab_2-15_UCA': 0.47599431818181814, 'C118_UCA': 0.9915584876214798, 'CC12.1_UCA': 0.6816691505216095}"
QVQLVESGGGVVQPGRSLRLSCAASGFTFSSYAMHWVRQAPGKGLEWVAVISYDGSNKYYADSVKGRFTISRDNSKNTLYLQMNSLRAEDTAVYYCASGYSGYDYFVRGDYYGMDVWGQGTTVTVSS|QPVLTQSPSASASLGASVKLTCTLSSGHSSYAIAWHQQQPEKGPRYLMKLNSDGSHSKGDGIPDRFSGSSSGAERYLTISSLQSEDEADYYCQTWGTGILVFGGGTKLTVL,QVQLVESGGGVVQPGRSLRLSCAASGFTFSSYAMHWVRQAPGKGLEWVAVISYDGSNKYYADSVKGRFTISRDNSKNTLYLQMNSLRAEDTAVYYCASGYSGYDYFVRGDYYGMDVWGQGTTVTVSS,QPVLTQSPSASASLGASVKLTCTLSSGHSSYAIAWHQQQPEKGPRYLMKLNSDGSHSKGDGIPDRFSGSSSGAERYLTISSLQSEDEADYYCQTWGTGILVFGGGTKLTVL,242.2333503050312,C118_UCA,0.9954954954954955,1,1,[],['L2P'],QVQLVESGGGVVQPGRSLRLSCAASGFTFSSYAMHWVRQAPGKGLEWVAVISYDGSNKYYADSVKGRFTISRDNSKNTLYLQMNSLRAEDTAVYYCASGYSGYDYFVRGDYYGMDVWGQGTTVTVSS,QLVLTQSPSASASLGASVKLTCTLSSGHSSYAIAWHQQQPEKGPRYLMKLNSDGSHSKGDGIPDRFSGSSSGAERYLTISSLQSEDEADYYCQTWGTGILVFGGGTKLTVL,C118_UCA,Kirby,False,"{'002-S21F2_UCA': 0.35233614180982603, 'Ab_1-20_UCA': 0.689412253531767, 'Ab_2-15_UCA': 0.47990056818181814, 'C118_UCA': 0.9954954954954955, 'CC12.1_UCA': 0.6857675111773472}"
QVQLVESGGGVVQPGRSLRLSCAASGFTFSSYAMHWVRQAPGKGLEWVAVISYDGSNKYYADSVKGRFTISRDNSKNTLYLQMNSLRAEDTAIYYCASGYSGYDYFVRGDYYGMDVWGQGTTVTVSS|QLVLTQSPSASASLGASVKLTCTLSSGHSSYAIAWHQQQPEKGPRYLMKLNSDGSHSKGDGIPDRFSGSSSGAERYLTISSLQSEDEADYYCQTWGTGILVFGGGTKLTVL,QVQLVESGGGVVQPGRSLRLSCAASGFTFSSYAMHWVRQAPGKGLEWVAVISYDGSNKYYADSVKGRFTISRDNSKNTLYLQMNSLRAEDTAIYYCASGYSGYDYFVRGDYYGMDVWGQGTTVTVSS,QLVLTQSPSASASLGASVKLTCTLSSGHSSYAIAWHQQQPEKGPRYLMKLNSDGSHSKGDGIPDRFSGSSSGAERYLTISSLQSEDEADYYCQTWGTGILVFGGGTKLTVL,470.29999999999984,C118_UCA,0.9960629921259843,1,1,['V93I'],[],QVQLVESGGGVVQPGRSLRLSCAASGFTFSSYAMHWVRQAPGKGLEWVAVISYDGSNKYYADSVKGRFTISRDNSKNTLYLQMNSLRAEDTAVYYCASGYSGYDYFVRGDYYGMDVWGQGTTVTVSS,QLVLTQSPSASASLGASVKLTCTLSSGHSSYAIAWHQQQPEKGPRYLMKLNSDGSHSKGDGIPDRFSGSSSGAERYLTISSLQSEDEADYYCQTWGTGILVFGGGTKLTVL,C118_UCA,Kirby,False,"{'002-S21F2_UCA': 0.35233614180982603, 'Ab_1-20_UCA': 0.6853138928760294, 'Ab_2-15_UCA': 0.47599431818181814, 'C118_UCA': 0.9960629921259843, 'CC12.1_UCA': 0.6816691505216095}"
